Tags,Category,Category1,Category2,Category3
Wheat / Grain / Harvest,Sales of Wheat,,,
Wheat,Sales of Wheat,,,
Wheat / Grain,Sales of Wheat,,,
Wheat / Harvest,Sales of Wheat,,,
Grain,Sales of Wheat,,,
Grain / Harvest,Sales of Wheat,,,
Harvest,Sales of Wheat,,,
Sales of Wheat,Sales of Wheat,,,
Wool / Lamb Products / Animal Products,"Sales of livestock, produce, grains and other products",,,
Wool,"Sales of livestock, produce, grains and other products",,,
Wool / Lamb Products,"Sales of livestock, produce, grains and other products",,,
Wool / Animal Products,"Sales of livestock, produce, grains and other products",,,
Lamb Products,"Sales of livestock, produce, grains and other products",,,
Lamb Products / Animal Products,"Sales of livestock, produce, grains and other products",,,
Animal Products,"Sales of livestock, produce, grains and other products",,,
"Sales of livestock, produce, grains and other products","Sales of livestock, produce, grains and other products",,,
Sales of Livestock,"Sales of livestock, produce, grains and other products",,,
Produce Grains,"Sales of livestock, produce, grains and other products",,,
Produce Grains & Other Products,"Sales of livestock, produce, grains and other products",,,
Coop / Rebate / Patronage Dividends,Cooperative distributions received,,,
Coop,Cooperative distributions received,,,
Cooperative,Cooperative distributions received,,,
Cooperative distributions,Cooperative distributions received,,,
Coop / Rebate,Cooperative distributions received,,,
Coop / Patronage Dividends,Cooperative distributions received,,,
Rebate,Cooperative distributions received,,,
Rebate / Patronage Dividends,Cooperative distributions received,,,
Patronage Dividends,Cooperative distributions received,,,
Cooperative distributions received,Cooperative distributions received,,,
Distributions,Cooperative distributions received,,,
Distributions Received,Cooperative distributions received,,,
Received,Cooperative distributions received,,,
Insurance Payout,Crop insurance proceeds and federal crop disaster payments,,,
Proceeds,Crop insurance proceeds and federal crop disaster payments,,,
Crop,Crop insurance proceeds and federal crop disaster payments,,,
Crop insurance,Unknown,Insurance (other than health),Crop insurance proceeds and federal crop disaster payments,
Crop insurance proceeds,Crop insurance proceeds and federal crop disaster payments,,,
federal crop,Crop insurance proceeds and federal crop disaster payments,,,
federal crop disaster,Crop insurance proceeds and federal crop disaster payments,,,
federal crop disaster payments,Crop insurance proceeds and federal crop disaster payments,,,
Crop insurance proceeds and federal crop disaster payments,Crop insurance proceeds and federal crop disaster payments,,,
Baling Alfalfa Hay / Baling,Custom hire,,,
Baling Alfalfa Hay,Custom hire,,,
Baling,Custom hire,,,
Custom Hire (Machine Work),Custom hire,,,
Custom Hire,Custom hire,,,
Machine Work,Custom hire,,,
Lubricant / Lube / Oil / Oil Change / Repair / Car Repair,Unknown,Car and truck expenses,Repairs and maintenance,
Lubricant,Unknown,Car and truck expenses,Repairs and maintenance,
Lubricant / Lube,Unknown,Car and truck expenses,Repairs and maintenance,
Lubricant / Oil,Unknown,Car and truck expenses,Repairs and maintenance,
Lubricant / Oil Change,Unknown,Car and truck expenses,Repairs and maintenance,
Lubricant / Repair,Unknown,Car and truck expenses,Repairs and maintenance,
Lubricant / Car Repair,Unknown,Car and truck expenses,Repairs and maintenance,
Lubricant / Lube / Oil,Unknown,Car and truck expenses,Repairs and maintenance,
Lubricant / Lube / Oil Change,Unknown,Car and truck expenses,Repairs and maintenance,
Lubricant / Lube / Repair,Unknown,Car and truck expenses,Repairs and maintenance,
Lubricant / Lube / Car Repair,Unknown,Car and truck expenses,Repairs and maintenance,
Lubricant / Oil / Oil Change,Unknown,Car and truck expenses,Repairs and maintenance,
Lubricant / Oil / Repair,Unknown,Car and truck expenses,Repairs and maintenance,
Lubricant / Oil / Car Repair,Unknown,Car and truck expenses,Repairs and maintenance,
Lubricant / Oil Change / Repair,Unknown,Car and truck expenses,Repairs and maintenance,
Lubricant / Oil Change / Car Repair,Unknown,Car and truck expenses,Repairs and maintenance,
Lubricant / Repair / Car Repair,Unknown,Car and truck expenses,Repairs and maintenance,
Lubricant / Lube / Oil / Oil Change,Unknown,Car and truck expenses,Repairs and maintenance,
Lubricant / Lube / Oil / Repair,Unknown,Car and truck expenses,Repairs and maintenance,
Lubricant / Lube / Oil / Car Repair,Unknown,Car and truck expenses,Repairs and maintenance,
Lubricant / Lube / Oil Change / Repair,Unknown,Car and truck expenses,Repairs and maintenance,
Lubricant / Lube / Oil Change / Car Repair,Unknown,Car and truck expenses,Repairs and maintenance,
Lubricant / Lube / Repair / Car Repair,Unknown,Car and truck expenses,Repairs and maintenance,
Lubricant / Oil / Oil Change / Repair,Unknown,Car and truck expenses,Repairs and maintenance,
Lubricant / Oil / Oil Change / Car Repair,Unknown,Car and truck expenses,Repairs and maintenance,
Lubricant / Oil / Repair / Car Repair,Unknown,Car and truck expenses,Repairs and maintenance,
Lubricant / Oil Change / Repair / Car Repair,Unknown,Car and truck expenses,Repairs and maintenance,
Lubricant / Lube / Oil / Oil Change / Repair,Unknown,Car and truck expenses,Repairs and maintenance,
Lubricant / Lube / Oil / Oil Change / Car Repair,Unknown,Car and truck expenses,Repairs and maintenance,
Lubricant / Lube / Oil / Repair / Car Repair,Unknown,Car and truck expenses,Repairs and maintenance,
Lubricant / Lube / Oil Change / Repair / Car Repair,Unknown,Car and truck expenses,Repairs and maintenance,
Lubricant / Oil / Oil Change / Repair / Car Repair,Unknown,Car and truck expenses,Repairs and maintenance,
Lube,Unknown,Car and truck expenses,Repairs and maintenance,
Lube / Oil,Unknown,Car and truck expenses,Repairs and maintenance,
Lube / Oil Change,Unknown,Car and truck expenses,Repairs and maintenance,
Lube / Repair,Unknown,Car and truck expenses,Repairs and maintenance,
Lube / Car Repair,Unknown,Car and truck expenses,Repairs and maintenance,
Lube / Oil / Oil Change,Unknown,Car and truck expenses,Repairs and maintenance,
Lube / Oil / Repair,Unknown,Car and truck expenses,Repairs and maintenance,
Lube / Oil / Car Repair,Unknown,Car and truck expenses,Repairs and maintenance,
Lube / Oil Change / Repair,Unknown,Car and truck expenses,Repairs and maintenance,
Lube / Oil Change / Car Repair,Unknown,Car and truck expenses,Repairs and maintenance,
Lube / Repair / Car Repair,Unknown,Car and truck expenses,Repairs and maintenance,
Lube / Oil / Oil Change / Repair,Unknown,Car and truck expenses,Repairs and maintenance,
Lube / Oil / Oil Change / Car Repair,Unknown,Car and truck expenses,Repairs and maintenance,
Lube / Oil / Repair / Car Repair,Unknown,Car and truck expenses,Repairs and maintenance,
Lube / Oil Change / Repair / Car Repair,Unknown,Car and truck expenses,Repairs and maintenance,
Lube / Oil / Oil Change / Repair / Car Repair,Unknown,Car and truck expenses,Repairs and maintenance,
Oil,Unknown,Car and truck expenses,Repairs and maintenance,"Gas, fuel and oil"
Oil / Oil Change,Unknown,Car and truck expenses,Repairs and maintenance,
Oil / Repair,Unknown,Car and truck expenses,Repairs and maintenance,
Oil / Car Repair,Unknown,Car and truck expenses,Repairs and maintenance,
Oil / Oil Change / Repair,Unknown,Car and truck expenses,Repairs and maintenance,
Oil / Oil Change / Car Repair,Unknown,Car and truck expenses,Repairs and maintenance,
Oil / Repair / Car Repair,Unknown,Car and truck expenses,Repairs and maintenance,
Oil / Oil Change / Repair / Car Repair,Unknown,Car and truck expenses,Repairs and maintenance,
Oil Change,Unknown,Car and truck expenses,Repairs and maintenance,
Oil Change / Repair,Unknown,Car and truck expenses,Repairs and maintenance,
Oil Change / Car Repair,Unknown,Car and truck expenses,Repairs and maintenance,
Oil Change / Repair / Car Repair,Unknown,Car and truck expenses,Repairs and maintenance,
Repair,Unknown,Car and truck expenses,Repairs and maintenance,
Repair / Car Repair,Unknown,Car and truck expenses,Repairs and maintenance,
Car Repair,Unknown,Car and truck expenses,Repairs and maintenance,
Repairs,Unknown,Car and truck expenses,Repairs and maintenance,
Parking / Car Parking / Vehicle Storage,Car and truck expenses,,,
Parking,Car and truck expenses,,,
Parking / Car Parking,Car and truck expenses,,,
Parking / Vehicle Storage,Car and truck expenses,,,
Car Parking / Vehicle Storage,Car and truck expenses,,,
Vehicle Storage,Car and truck expenses,,,
Toll / Bridge Toll / Road Toll,Car and truck expenses,,,
Toll,Car and truck expenses,,,
Toll / Bridge Toll,Car and truck expenses,,,
Toll / Road Toll,Car and truck expenses,,,
Bridge Toll,Car and truck expenses,,,
Bridge Toll / Road Toll,Car and truck expenses,,,
Road Toll,Car and truck expenses,,,
Insurance / Car Insurance,Car and truck expenses,,,
Car Insurance,Car and truck expenses,,,
Insurance / Farming Equipment Insurance,Unknown,Car and truck expenses,Insurance (other than health),
Insurance,Unknown,Car and truck expenses,Insurance (other than health),
Farming Equipment Insurance,Unknown,Car and truck expenses,Insurance (other than health),
Pickup / Truck / ATV Repairs,Car and truck expenses,,,
Pickup/Truck/ATV Repairs,Car and truck expenses,,,
Pickup,Car and truck expenses,,,
Pickup / Truck,Car and truck expenses,,,
Pickup / ATV Repairs,Car and truck expenses,,,
Truck,Car and truck expenses,,,
Truck / ATV Repairs,Car and truck expenses,,,
ATV Repairs,Car and truck expenses,,,
Car and truck expenses,Car and truck expenses,,,
Chemicals / Agricultural Chemicals / Ag Chemicals,Chemicals,,,
Chemicals,Chemicals,,,
Chemicals / Agricultural Chemicals,Chemicals,,,
Chemicals / Ag Chemicals,Chemicals,,,
Agricultural Chemicals,Chemicals,,,
Agricultural Chemicals / Ag Chemicals,Chemicals,,,
Ag Chemicals,Chemicals,,,
Trees / Windbreaks / Brush / Bushes,Conservation expenses,,,
Trees,Conservation expenses,,,
Trees / Windbreaks,Conservation expenses,,,
Trees / Brush,Conservation expenses,,,
Trees / Bushes,Conservation expenses,,,
Trees / Windbreaks / Brush,Conservation expenses,,,
Trees / Windbreaks / Bushes,Conservation expenses,,,
Trees / Brush / Bushes,Conservation expenses,,,
Windbreaks,Conservation expenses,,,
Windbreaks / Brush,Conservation expenses,,,
Windbreaks / Bushes,Conservation expenses,,,
Windbreaks / Brush / Bushes,Conservation expenses,,,
Brush,Conservation expenses,,,
Brush / Bushes,Conservation expenses,,,
Bushes,Conservation expenses,,,
Conservation,Conservation expenses,,,
Conservation expenses,Conservation expenses,,,
Benefits / Employee Benefits / Farm Hired Labor / Hired Labor / Labor / Employee,Unknown,Employee benefit programs,Labor Hired (less employment credits),Pension and profit-sharing plans
Benefits,Employee benefit programs,,,
Benefits / Employee Benefits,Employee benefit programs,,,
Benefits / Farm Hired Labor,Unknown,Employee benefit programs,Labor Hired (less employment credits),Pension and profit-sharing plans
Benefits / Hired Labor,Employee benefit programs,,,
Benefits / Labor,Employee benefit programs,,,
Benefits / Employee,Employee benefit programs,,,
Benefits / Employee Benefits / Farm Hired Labor,Unknown,Employee benefit programs,Labor Hired (less employment credits),Pension and profit-sharing plans
Benefits / Employee Benefits / Hired Labor,Employee benefit programs,,,
Benefits / Employee Benefits / Labor,Employee benefit programs,,,
Benefits / Employee Benefits / Employee,Employee benefit programs,,,
Benefits / Farm Hired Labor / Hired Labor,Unknown,Employee benefit programs,Labor Hired (less employment credits),Pension and profit-sharing plans
Benefits / Farm Hired Labor / Labor,Unknown,Employee benefit programs,Labor Hired (less employment credits),Pension and profit-sharing plans
Benefits / Farm Hired Labor / Employee,Unknown,Employee benefit programs,Labor Hired (less employment credits),Pension and profit-sharing plans
Benefits / Hired Labor / Labor,Employee benefit programs,,,
Benefits / Hired Labor / Employee,Employee benefit programs,,,
Benefits / Labor / Employee,Employee benefit programs,,,
Benefits / Employee Benefits / Farm Hired Labor / Hired Labor,Unknown,Employee benefit programs,Labor Hired (less employment credits),Pension and profit-sharing plans
Benefits / Employee Benefits / Farm Hired Labor / Labor,Unknown,Employee benefit programs,Labor Hired (less employment credits),Pension and profit-sharing plans
Benefits / Employee Benefits / Farm Hired Labor / Employee,Unknown,Employee benefit programs,Labor Hired (less employment credits),Pension and profit-sharing plans
Benefits / Employee Benefits / Hired Labor / Labor,Employee benefit programs,,,
Benefits / Employee Benefits  / Hired Labor / Employee,Employee benefit programs,,,
Benefits / Employee Benefits / Labor / Employee,Employee benefit programs,,,
Benefits / Farm Hired Labor / Hired Labor / Labor,Unknown,Employee benefit programs,Labor Hired (less employment credits),Pension and profit-sharing plans
Benefits / Farm Hired Labor / Hired Labor / Employee,Unknown,Employee benefit programs,Labor Hired (less employment credits),Pension and profit-sharing plans
Benefits / Hired Labor / Labor / Employee,Employee benefit programs,,,
Benefits / Employee Benefits / Farm Hired Labor / Hired Labor / Labor,Unknown,Employee benefit programs,Labor Hired (less employment credits),Pension and profit-sharing plans
Benefits / Employee Benefits / Farm Hired Labor / Hired Labor / Employee,Unknown,Employee benefit programs,Labor Hired (less employment credits),Pension and profit-sharing plans
Benefits / Employee Benefits / Farm Hired Labor / Labor / Employee,Unknown,Employee benefit programs,Labor Hired (less employment credits),Pension and profit-sharing plans
Benefits / Employee Benefits / Hired Labor / Labor / Employee,Employee benefit programs,,,
Benefits / Farm Hired Labor / Hired Labor / Labor / Employee,Unknown,Employee benefit programs,Labor Hired (less employment credits),Pension and profit-sharing plans
Employee Benefits,Employee benefit programs,,,
Employee Benefits / Farm Hired Labor,Unknown,Employee benefit programs,Labor Hired (less employment credits),Pension and profit-sharing plans
Employee Benefits / Hired Labor,Employee benefit programs,,,
Employee Benefits / Labor,Employee benefit programs,,,
Employee Benefits / Employee,Employee benefit programs,,,
Employee Benefits / Farm Hired Labor / Hired Labor,Unknown,Employee benefit programs,,Pension and profit-sharing plans
Employee Benefits / Farm Hired Labor / Labor,Unknown,Employee benefit programs,,Pension and profit-sharing plans
Employee Benefits / Farm Hired Labor / Employee,Unknown,Employee benefit programs,,Pension and profit-sharing plans
Employee Benefits / Hired Labor / Labor,Employee benefit programs,,,
Employee Benefits / Hired Labor / Employee,Employee benefit programs,,,
Employee Benefits / Labor / Employee,Employee benefit programs,,,
Employee Benefits / Farm Hired Labor / Hired Labor / Labor,Unknown,Employee benefit programs,,Pension and profit-sharing plans
Employee Benefits / Farm Hired Labor / Hired Labor / Employee,Unknown,Employee benefit programs,,Pension and profit-sharing plans
Employee Benefits / Farm Hired Labor / Labor / Employee,Unknown,Employee benefit programs,,Pension and profit-sharing plans
Employee Benefits / Hired Labor / Labor / Employee,Employee benefit programs,,,
Employee Benefits / Farm Hired Labor / Hired Labor / Labor / Employee,Unknown,Employee benefit programs,,Pension and profit-sharing plans
Farm Hired Labor,Unknown,Employee benefit programs,,Pension and profit-sharing plans
Farm Hired Labor / Hired Labor,Unknown,Employee benefit programs,,Pension and profit-sharing plans
Farm Hired Labor / Labor,Unknown,Employee benefit programs,,Pension and profit-sharing plans
Farm Hired Labor / Employee,Unknown,Employee benefit programs,,Pension and profit-sharing plans
Farm Hired Labor / Hired Labor / Labor,Unknown,Employee benefit programs,,Pension and profit-sharing plans
Farm Hired Labor / Hired Labor / Employee,Unknown,Employee benefit programs,,Pension and profit-sharing plans
Farm Hired Labor / Labor / Employee,Unknown,Employee benefit programs,,Pension and profit-sharing plans
Farm Hired Labor / Hired Labor / Labor / Employee,Unknown,Employee benefit programs,,Pension and profit-sharing plans
Hired Labor / Labor,Employee benefit programs,,,
Hired Labor / Employee,Employee benefit programs,,,
Hired Labor / Labor / Employee,Employee benefit programs,,,
Employee benefit programs,Employee benefit programs,,,
Livestock Feed / Lamb Feed,Feed,,,
Livestock Feed,Feed,,,
Lamb Feed,Feed,,,
Feed,Feed,,,
Agricultural Limestone / Ag Lime / Agricultural Fertilizer / Fertilizer,Fertilizers and lime,,,
Agricultural Limestone,Fertilizers and lime,,,
Agricultural Limestone / Ag Lime,Fertilizers and lime,,,
Agricultural Limestone / Agricultural Fertilizer,Fertilizers and lime,,,
Agricultural Limestone / Fertilizer,Fertilizers and lime,,,
Agricultural Limestone / Ag Lime / Agricultural Fertilizer,Fertilizers and lime,,,
Agricultural Limestone / Ag Lime / Fertilizer,Fertilizers and lime,,,
Agricultural Limestone / Agricultural Fertilizer / Fertilizer,Fertilizers and lime,,,
Ag Lime,Fertilizers and lime,,,
Ag Lime / Agricultural Fertilizer,Fertilizers and lime,,,
Ag Lime / Fertilizer,Fertilizers and lime,,,
Ag Lime / Agricultural Fertilizer / Fertilizer,Fertilizers and lime,,,
Agricultural Fertilizer,Fertilizers and lime,,,
Agricultural Fertilizer / Fertilizer,Fertilizers and lime,,,
Fertilizer,Fertilizers and lime,,,
Fertilizers and lime,Fertilizers and lime,,,
Fertilizers,Fertilizers and lime,,,
Lime,Fertilizers and lime,,,
Transportation / Delivery / Grain Hauling,Freight and trucking,,,
Transportation,Freight and trucking,,,
Transportation / Delivery,Freight and trucking,,,
Transportation / Grain Hauling,Freight and trucking,,,
Delivery,Freight and trucking,,,
Delivery / Grain Hauling,Freight and trucking,,,
Grain Hauling,Freight and trucking,,,
Grain Hauliing,Freight and trucking,,,
Livestock Hauling,Freight and trucking,,,
Freight and trucking,Freight and trucking,,,
Freight,Freight and trucking,,,
Trucking,Freight and trucking,,,
Gas / Gasoline / Petrol / Petroleum / Fuel / Oil / Diesel,"Gas, fuel and oil",,,
Gas,Unknown,"Gas, fuel and oil",Utilities,
Gas / Gasoline,"Gas, fuel and oil",,,
Gas / Petrol,"Gas, fuel and oil",,,
Gas / Petroleum,"Gas, fuel and oil",,,
Gas / Fuel,"Gas, fuel and oil",,,
Gas / Oil,"Gas, fuel and oil",,,
Gas / Diesel,"Gas, fuel and oil",,,
Gas / Gasoline / Petrol,"Gas, fuel and oil",,,
Gas / Gasoline / Petroleum,"Gas, fuel and oil",,,
Gas / Gasoline / Fuel,"Gas, fuel and oil",,,
Gas / Gasoline / Oil,"Gas, fuel and oil",,,
Gas / Gasoline / Diesel,"Gas, fuel and oil",,,
Gas / Petrol / Petroleum,"Gas, fuel and oil",,,
Gas / Petrol / Fuel,"Gas, fuel and oil",,,
Gas / Petrol / Oil,"Gas, fuel and oil",,,
Gas / Petrol / Diesel,"Gas, fuel and oil",,,
Gas / Petroleum / Fuel,"Gas, fuel and oil",,,
Gas / Petroleum / Oil,"Gas, fuel and oil",,,
Gas / Petroleum / Diesel,"Gas, fuel and oil",,,
Gas / Fuel / Oil,"Gas, fuel and oil",,,
Gas / Fuel / Diesel,"Gas, fuel and oil",,,
Gas / Oil / Diesel,"Gas, fuel and oil",,,
Gas / Gasoline / Petrol / Petroleum,"Gas, fuel and oil",,,
Gas / Gasoline / Petrol / Fuel,"Gas, fuel and oil",,,
Gas / Gasoline / Petrol / Oil,"Gas, fuel and oil",,,
Gas / Gasoline / Petrol / Diesel,"Gas, fuel and oil",,,
Gas / Gasoline / Petroleum / Fuel,"Gas, fuel and oil",,,
Gas / Gasoline / Petroleum / Oil,"Gas, fuel and oil",,,
Gas / Gasoline / Petroleum / Diesel,"Gas, fuel and oil",,,
Gas / Gasoline / Fuel / Oil,"Gas, fuel and oil",,,
Gas / Gasoline / Fuel / Diesel,"Gas, fuel and oil",,,
Gas / Gasoline / Oil / Diesel,"Gas, fuel and oil",,,
Gas / Petrol / Petroleum / Fuel,"Gas, fuel and oil",,,
Gas / Petrol / Petroleum / Oil,"Gas, fuel and oil",,,
Gas / Petrol / Petroleum / Diesel,"Gas, fuel and oil",,,
Gas / Petrol / Fuel / Oil,"Gas, fuel and oil",,,
Gas / Petrol / Fuel / Diesel,"Gas, fuel and oil",,,
Gas / Petrol / Oil / Diesel,"Gas, fuel and oil",,,
Gas / Petroleum / Fuel / Oil,"Gas, fuel and oil",,,
Gas / Petroleum / Fuel / Diesel,"Gas, fuel and oil",,,
Gas / Petroleum / Oil / Diesel,"Gas, fuel and oil",,,
Gas / Fuel / Oil / Diesel,"Gas, fuel and oil",,,
Gas / Gasoline / Petrol / Petroleum / Fuel,"Gas, fuel and oil",,,
Gas / Gasoline / Petrol / Petroleum / Oil,"Gas, fuel and oil",,,
Gas / Gasoline / Petrol / Petroleum / Diesel,"Gas, fuel and oil",,,
Gas / Gasoline / Petrol / Fuel / Oil,"Gas, fuel and oil",,,
Gas / Gasoline / Petrol / Fuel / Diesel,"Gas, fuel and oil",,,
Gas / Gasoline / Petrol / Oil / Diesel,"Gas, fuel and oil",,,
Gas / Gasoline / Petroleum / Fuel / Oil,"Gas, fuel and oil",,,
Gas / Gasoline / Petroleum / Fuel / Diesel,"Gas, fuel and oil",,,
Gas / Gasoline / Petroleum / Oil / Diesel,"Gas, fuel and oil",,,
Gas / Petrol / Petroleum / Fuel / Oil,"Gas, fuel and oil",,,
Gas / Petrol / Petroleum / Fuel / Diesel,"Gas, fuel and oil",,,
Gas / Petrol / Petroleum / Oil / Diesel,"Gas, fuel and oil",,,
Gas / Gasoline / Petrol / Petroleum / Fuel / Oil,"Gas, fuel and oil",,,
Gas / Gasoline / Petrol / Petroleum / Fuel / Diesel,"Gas, fuel and oil",,,
Gas / Gasoline / Petrol / Petroleum / Oil / Diesel,"Gas, fuel and oil",,,
Gas / Gasoline / Petrol / Fuel / Oil / Diesel,"Gas, fuel and oil",,,
Gas / Gasoline / Petroleum / Fuel / Oil / Diesel,"Gas, fuel and oil",,,
Gas / Petrol / Petroleum / Fuel / Oil / Diesel,"Gas, fuel and oil",,,
Gasoline,"Gas, fuel and oil",,,
Gasoline / Petrol,"Gas, fuel and oil",,,
Gasoline / Petroleum,"Gas, fuel and oil",,,
Gasoline / Fuel,"Gas, fuel and oil",,,
Gasoline / Oil,"Gas, fuel and oil",,,
Gasoline / Diesel,"Gas, fuel and oil",,,
Gasoline / Petrol / Petroleum,"Gas, fuel and oil",,,
Gasoline / Petrol / Fuel,"Gas, fuel and oil",,,
Gasoline / Petrol / Oil,"Gas, fuel and oil",,,
Gasoline / Petrol / Diesel,"Gas, fuel and oil",,,
Gasoline / Petroleum / Fuel,"Gas, fuel and oil",,,
Gasoline / Petroleum / Oil,"Gas, fuel and oil",,,
Gasoline / Petroleum / Diesel,"Gas, fuel and oil",,,
Gasoline / Fuel / Oil,"Gas, fuel and oil",,,
Gasoline / Fuel / Diesel,"Gas, fuel and oil",,,
Gasoline / Oil / Diesel,"Gas, fuel and oil",,,
Gasoline / Petrol / Petroleum / Fuel,"Gas, fuel and oil",,,
Gasoline / Petrol / Petroleum / Oil,"Gas, fuel and oil",,,
Gasoline / Petrol / Petroleum / Diesel,"Gas, fuel and oil",,,
Gasoline / Petrol / Fuel / Oil,"Gas, fuel and oil",,,
Gasoline / Petrol / Fuel / Diesel,"Gas, fuel and oil",,,
Gasoline / Petrol / Oil / Diesel,"Gas, fuel and oil",,,
Gasoline / Petroleum / Fuel / Oil,"Gas, fuel and oil",,,
Gasoline / Petroleum / Fuel / Diesel,"Gas, fuel and oil",,,
Gasoline / Petroleum / Oil / Diesel,"Gas, fuel and oil",,,
Gasoline / Fuel / Oil / Diesel,"Gas, fuel and oil",,,
Gasoline / Petrol / Petroleum / Fuel / Oil,"Gas, fuel and oil",,,
Gasoline / Petrol / Petroleum / Fuel / Diesel,"Gas, fuel and oil",,,
Gasoline / Petrol / Petroleum / Oil / Diesel,"Gas, fuel and oil",,,
Gasoline / Petrol / Fuel / Oil / Diesel,"Gas, fuel and oil",,,
Gasoline / Petroleum / Fuel / Oil / Diesel,"Gas, fuel and oil",,,
Gasoline / Petrol / Petroleum / Fuel / Oil / Diesel,"Gas, fuel and oil",,,
Petrol,"Gas, fuel and oil",,,
Petrol / Petroleum,"Gas, fuel and oil",,,
Petrol / Fuel,"Gas, fuel and oil",,,
Petrol / Oil,"Gas, fuel and oil",,,
Petrol / Diesel,"Gas, fuel and oil",,,
Petrol / Petroleum / Fuel,"Gas, fuel and oil",,,
Petrol / Petroleum / Oil,"Gas, fuel and oil",,,
Petrol / Petroleum / Diesel,"Gas, fuel and oil",,,
Petrol / Fuel / Oil,"Gas, fuel and oil",,,
Petrol / Fuel / Diesel,"Gas, fuel and oil",,,
Petrol / Oil / Diesel,"Gas, fuel and oil",,,
Petrol / Petroleum / Fuel / Oil,"Gas, fuel and oil",,,
Petrol / Petroleum / Fuel / Diesel,"Gas, fuel and oil",,,
Petrol / Petroleum / Oil / Diesel,"Gas, fuel and oil",,,
Petrol / Fuel / Oil / Diesel,"Gas, fuel and oil",,,
Petrol / Petroleum / Fuel / Oil / Diesel,"Gas, fuel and oil",,,
Petroleum,"Gas, fuel and oil",,,
Petroleum / Fuel,"Gas, fuel and oil",,,
Petroleum / Oil,"Gas, fuel and oil",,,
Petroleum / Diesel,"Gas, fuel and oil",,,
Petroleum / Fuel / Oil,"Gas, fuel and oil",,,
Petroleum / Fuel / Diesel,"Gas, fuel and oil",,,
Petroleum / Oil / Diesel,"Gas, fuel and oil",,,
Petroleum / Fuel / Oil / Diesel,"Gas, fuel and oil",,,
Fuel,"Gas, fuel and oil",,,
Fuel / Oil,"Gas, fuel and oil",,,
Fuel / Diesel,"Gas, fuel and oil",,,
Fuel / Oil / Diesel,"Gas, fuel and oil",,,
Oil / Diesel,"Gas, fuel and oil",,,
Diesel,"Gas, fuel and oil",,,
"Gas, fuel and oil","Gas, fuel and oil",,,
Insurance / Lease Insurance / Renter's Insurance / Farming Equipment Insurance / Animal Insurance / Livestock Insurance,Insurance (other than health),,,
Insurance / Lease Insurance,Insurance (other than health),,,
Insurance / Renter's Insurance,Insurance (other than health),,,
Insurance / Animal Insurance,Insurance (other than health),,,
Insurance / Livestock Insurance,Insurance (other than health),,,
Insurance / Lease Insurance / Renter's Insurance,Insurance (other than health),,,
Insurance / Lease Insurance / Farming Equipment Insurance,Insurance (other than health),,,
Insurance / Lease Insurance / Animal Insurance,Insurance (other than health),,,
Insurance / Lease Insurance / Livestock Insurance,Insurance (other than health),,,
Insurance / Renter's Insurance / Farming Equipment Insurance,Insurance (other than health),,,
Insurance / Renter's Insurance / Animal Insurance,Insurance (other than health),,,
Insurance / Renter's Insurance / Livestock Insurance,Insurance (other than health),,,
Insurance / Farming Equipment Insurance / Animal Insurance,Insurance (other than health),,,
Insurance / Farming Equipment Insurance / Livestock Insurance,Insurance (other than health),,,
Insurance / Animal Insurance / Livestock Insurance,Insurance (other than health),,,
Insurance / Lease Insurance / Renter's Insurance / Farming Equipment Insurance,Insurance (other than health),,,
Insurance / Lease Insurance / Renter's Insurance / Animal Insurance,Insurance (other than health),,,
Insurance / Lease Insurance / Renter's Insurance / Livestock Insurance,Insurance (other than health),,,
Insurance / Lease Insurance / Farming Equipment Insurance / Animal Insurance,Insurance (other than health),,,
Insurance / Lease Insurance / Farming Equipment Insurance / Livestock Insurance,Insurance (other than health),,,
Insurance / Lease Insurance / Animal Insurance / Livestock Insurance,Insurance (other than health),,,
Insurance / Renter's Insurance / Farming Equipment Insurance / Animal Insurance,Insurance (other than health),,,
Insurance / Renter's Insurance / Farming Equipment Insurance / Livestock Insurance,Insurance (other than health),,,
Insurance / Renter's Insurance / Animal Insurance / Livestock Insurance,Insurance (other than health),,,
Insurance / Farming Equipment Insurance / Animal Insurance / Livestock Insurance,Insurance (other than health),,,
Insurance / Lease Insurance / Renter's Insurance / Farming Equipment Insurance / Animal Insurance,Insurance (other than health),,,
Insurance / Lease Insurance / Renter's Insurance / Farming Equipment Insurance / Livestock Insurance,Insurance (other than health),,,
Insurance / Lease Insurance / Renter's Insurance / Animal Insurance / Livestock Insurance,Insurance (other than health),,,
Insurance / Lease Insurance / Farming Equipment Insurance / Animal Insurance / Livestock Insurance,Insurance (other than health),,,
Insurance / Renter's Insurance / Farming Equipment Insurance / Animal Insurance / Livestock Insurance,Insurance (other than health),,,
Lease Insurance,Insurance (other than health),,,
Lease Insurance / Renter's Insurance,Insurance (other than health),,,
Lease Insurance / Farming Equipment Insurance,Insurance (other than health),,,
Lease Insurance / Animal Insurance,Insurance (other than health),,,
Lease Insurance / Livestock Insurance,Insurance (other than health),,,
Lease Insurance / Renter's Insurance / Farming Equipment Insurance,Insurance (other than health),,,
Lease Insurance / Renter's Insurance / Animal Insurance,Insurance (other than health),,,
Lease Insurance / Renter's Insurance / Livestock Insurance,Insurance (other than health),,,
Lease Insurance / Farming Equipment Insurance / Animal Insurance,Insurance (other than health),,,
Lease Insurance / Farming Equipment Insurance / Livestock Insurance,Insurance (other than health),,,
Lease Insurance / Animal Insurance / Livestock Insurance,Insurance (other than health),,,
Lease Insurance / Renter's Insurance / Farming Equipment Insurance / Animal Insurance,Insurance (other than health),,,
Lease Insurance / Renter's Insurance / Farming Equipment Insurance / Livestock Insurance,Insurance (other than health),,,
Lease Insurance / Renter's Insurance / Animal Insurance / Livestock Insurance,Insurance (other than health),,,
Lease Insurance / Farming Equipment Insurance / Animal Insurance / Livestock Insurance,Insurance (other than health),,,
Lease Insurance / Renter's Insurance / Farming Equipment Insurance / Animal Insurance / Livestock Insurance,Insurance (other than health),,,
Renter's Insurance,Insurance (other than health),,,
Renter's Insurance / Farming Equipment Insurance,Insurance (other than health),,,
Renter's Insurance / Animal Insurance,Insurance (other than health),,,
Renter's Insurance / Livestock Insurance,Insurance (other than health),,,
Renter's Insurance / Farming Equipment Insurance / Animal Insurance,Insurance (other than health),,,
Renter's Insurance / Farming Equipment Insurance / Livestock Insurance,Insurance (other than health),,,
Renter's Insurance / Animal Insurance / Livestock Insurance,Insurance (other than health),,,
Renter's Insurance / Farming Equipment Insurance / Animal Insurance / Livestock Insurance,Insurance (other than health),,,
Farming Equipment Insurance / Animal Insurance,Insurance (other than health),,,
Farming Equipment Insurance / Livestock Insurance,Insurance (other than health),,,
Farming Equipment Insurance / Animal Insurance / Livestock Insurance,Insurance (other than health),,,
Animal Insurance,Insurance (other than health),,,
Animal Insurance / Livestock Insurance,Insurance (other than health),,,
Livestock Insurance,Insurance (other than health),,,
Insurance / Property Insurance,Insurance (other than health),,,
Property Insurance,Insurance (other than health),,,
Insurance (other than health),Insurance (other than health),,,
Interest on loans and mortgages,Interest on loans and mortgages,,,
Interest on Loans,Interest on loans and mortgages,,,
Mortgages,Interest on loans and mortgages,,,
Tractor/Equipment Purchases,Unknown,Interest on loans and mortgages,L-T asset replacement and section 179 expense,
Tractor,Unknown,Interest on loans and mortgages,L-T asset replacement and section 179 expense,
Equipment Purchases,Unknown,Interest on loans and mortgages,L-T asset replacement and section 179 expense,
Tractors/Equipment Vehicles,Unknown,Rent and leases: Land and animals,Repairs and maintenance,
Tractor/Equipment Repairs,Unknown,Rent and leases: Land and animals,Repairs and maintenance,
L-T asset replacement and section 179 expense,L-T asset replacement and section 179 expense,,,
L-T Asset Replacement,L-T asset replacement and section 179 expense,,,
Section 179 Expenses,L-T asset replacement and section 179 expense,,,
Depreciation / Loss of Capital / Capital Lost to Time / Wear and Tear,L-T asset replacement and section 179 expense,,,
Depreciation,L-T asset replacement and section 179 expense,,,
Depreciation / Loss of Capital,L-T asset replacement and section 179 expense,,,
Depreciation / Capital Lost to Time,L-T asset replacement and section 179 expense,,,
Depreciation / Wear and Tear,L-T asset replacement and section 179 expense,,,
Depreciation / Loss of Capital / Capital Lost to Time,L-T asset replacement and section 179 expense,,,
Depreciation / Loss of Capital / Wear and Tear,L-T asset replacement and section 179 expense,,,
Depreciation / Capital Lost to Time / Wear and Tear,L-T asset replacement and section 179 expense,,,
Loss of Capital,L-T asset replacement and section 179 expense,,,
Loss of Capital / Capital Lost to Time,L-T asset replacement and section 179 expense,,,
Loss of Capital / Wear and Tear,L-T asset replacement and section 179 expense,,,
Loss of Capital / Capital Lost to Time / Wear and Tear,L-T asset replacement and section 179 expense,,,
Capital Lost to Time,L-T asset replacement and section 179 expense,,,
Capital Lost to Time / Wear and Tear,L-T asset replacement and section 179 expense,,,
Wear and Tear,L-T asset replacement and section 179 expense,,,
Section 179 Expense,L-T asset replacement and section 179 expense,,,
Depreciation & Section 179 Expense,L-T asset replacement and section 179 expense,,,
Pension / Profit-sharing / Labor / Employee / Salary Workers / Workers / Hired Labor,Pension and profit-sharing plans,,,
Pension,Pension and profit-sharing plans,,,
Pension / Profit-sharing,Pension and profit-sharing plans,,,
Pension / Labor,Pension and profit-sharing plans,,,
Pension / Employee,Pension and profit-sharing plans,,,
Pension / Salary Workers,Pension and profit-sharing plans,,,
Pension / Workers,Pension and profit-sharing plans,,,
Pension / Hired Labor,Pension and profit-sharing plans,,,
Pension / Profit-sharing / Labor,Pension and profit-sharing plans,,,
Pension / Profit-sharing / Employee,Pension and profit-sharing plans,,,
Pension / Profit-sharing / Salary Workers,Pension and profit-sharing plans,,,
Pension / Profit-sharing / Workers,Pension and profit-sharing plans,,,
Pension / Profit-sharing / Hired Labor,Pension and profit-sharing plans,,,
Pension / Labor / Employee,Pension and profit-sharing plans,,,
Pension / Labor / Salary Workers,Pension and profit-sharing plans,,,
Pension / Labor / Workers,Pension and profit-sharing plans,,,
Pension / Labor / Hired Labor,Pension and profit-sharing plans,,,
Pension / Employee / Salary Workers,Pension and profit-sharing plans,,,
Pension / Employee / Workers,Pension and profit-sharing plans,,,
Pension / Employee / Hired Labor,Pension and profit-sharing plans,,,
Pension / Salary Workers / Workers,Pension and profit-sharing plans,,,
Pension / Salary Workers / Hired Labor,Pension and profit-sharing plans,,,
Pension / Workers / Hired Labor,Pension and profit-sharing plans,,,
Pension / Profit-sharing / Labor / Employee,Pension and profit-sharing plans,,,
Pension / Profit-sharing / Labor / Salary Workers,Pension and profit-sharing plans,,,
Pension / Profit-sharing / Labor / Workers,Pension and profit-sharing plans,,,
Pension / Profit-sharing / Labor / Hired Labor,Pension and profit-sharing plans,,,
Pension / Profit-sharing / Employee / Salary Workers,Pension and profit-sharing plans,,,
Pension / Profit-sharing / Employee / Workers,Pension and profit-sharing plans,,,
Pension / Profit-sharing / Employee / Hired Labor,Pension and profit-sharing plans,,,
Pension / Profit-sharing / Salary Workers / Workers,Pension and profit-sharing plans,,,
Pension / Profit-sharing / Salary Workers / Hired Labor,Pension and profit-sharing plans,,,
Pension / Profit-sharing / Workers / Hired Labor,Pension and profit-sharing plans,,,
Pension / Labor / Employee / Salary Workers,Pension and profit-sharing plans,,,
Pension / Labor / Employee / Workers,Pension and profit-sharing plans,,,
Pension / Labor / Employee / Hired Labor,Pension and profit-sharing plans,,,
Pension / Labor / Salary Workers / Workers,Pension and profit-sharing plans,,,
Pension / Labor / Salary Workers / Hired Labor,Pension and profit-sharing plans,,,
Pension / Labor / Workers / Hired Labor,Pension and profit-sharing plans,,,
Pension / Employee / Salary Workers / Workers,Pension and profit-sharing plans,,,
Pension / Employee / Salary Workers / Hired Labor,Pension and profit-sharing plans,,,
Pension / Employee / Workers / Hired Labor,Pension and profit-sharing plans,,,
Pension / Salary Workers / Workers / Hired Labor,Pension and profit-sharing plans,,,
Pension / Profit-sharing / Labor / Employee / Salary Workers,Pension and profit-sharing plans,,,
Pension / Profit-sharing / Labor / Employee / Workers,Pension and profit-sharing plans,,,
Pension / Profit-sharing / Labor / Employee / Hired Labor,Pension and profit-sharing plans,,,
Pension / Profit-sharing / Labor / Salary Workers / Workers,Pension and profit-sharing plans,,,
Pension / Profit-sharing / Labor / Salary Workers / Hired Labor,Pension and profit-sharing plans,,,
Pension / Profit-sharing / Labor / Workers / Hired Labor,Pension and profit-sharing plans,,,
Pension / Profit-sharing / Employee / Salary Workers / Workers,Pension and profit-sharing plans,,,
Pension / Profit-sharing / Employee / Salary Workers / Hired Labor,Pension and profit-sharing plans,,,
Pension / Profit-sharing / Employee / Workers / Hired Labor,Pension and profit-sharing plans,,,
Pension / Labor / Employee / Salary Workers / Workers,Pension and profit-sharing plans,,,
Pension / Labor / Employee / Salary Workers / Hired Labor,Pension and profit-sharing plans,,,
Pension / Labor / Employee / Workers / Hired Labor,Pension and profit-sharing plans,,,
Pension / Profit-sharing / Labor / Employee / Salary Workers / Workers,Pension and profit-sharing plans,,,
Pension / Profit-sharing / Labor / Employee / Salary Workers / Hired Labor,Pension and profit-sharing plans,,,
Pension / Profit-sharing / Labor / Employee / Workers / Hired Labor,Pension and profit-sharing plans,,,
Pension / Profit-sharing / Labor / Salary Workers / Workers / Hired Labor,Pension and profit-sharing plans,,,
Pension / Profit-sharing / Employee / Salary Workers / Workers / Hired Labor,Pension and profit-sharing plans,,,
Pension / Labor / Employee / Salary Workers / Workers / Hired Labor,Pension and profit-sharing plans,,,
Profit-sharing,Pension and profit-sharing plans,,,
Profit-sharing / Labor,Pension and profit-sharing plans,,,
Profit-sharing / Employee,Pension and profit-sharing plans,,,
Profit-sharing / Salary Workers,Pension and profit-sharing plans,,,
Profit-sharing / Workers,Pension and profit-sharing plans,,,
Profit-sharing / Hired Labor,Pension and profit-sharing plans,,,
Profit-sharing / Labor / Employee,Pension and profit-sharing plans,,,
Profit-sharing / Labor / Salary Workers,Pension and profit-sharing plans,,,
Profit-sharing / Labor / Workers,Pension and profit-sharing plans,,,
Profit-sharing / Labor / Hired Labor,Pension and profit-sharing plans,,,
Profit-sharing / Employee / Salary Workers,Pension and profit-sharing plans,,,
Profit-sharing / Employee / Hired Labor,Pension and profit-sharing plans,,,
Profit-sharing / Salary Workers / Workers,Pension and profit-sharing plans,,,
Profit-sharing / Salary Workers / Hired Labor,Pension and profit-sharing plans,,,
Profit-sharing / Workers / Hired Labor,Pension and profit-sharing plans,,,
Profit-sharing / Labor / Employee / Salary Workers,Pension and profit-sharing plans,,,
Profit-sharing / Labor / Employee / Workers,Pension and profit-sharing plans,,,
Profit-sharing / Labor / Employee / Hired Labor,Pension and profit-sharing plans,,,
Profit-sharing / Labor / Salary Workers / Workers,Pension and profit-sharing plans,,,
Profit-sharing / Labor / Salary Workers / Hired Labor,Pension and profit-sharing plans,,,
Profit-sharing / Labor / Workers / Hired Labor,Pension and profit-sharing plans,,,
Profit-sharing / Employee / Salary Workers / Workers,Pension and profit-sharing plans,,,
Profit-sharing / Employee / Salary Workers / Hired Labor,Pension and profit-sharing plans,,,
Profit-sharing / Employee / Workers / Hired Labor,Pension and profit-sharing plans,,,
Profit-sharing / Salary Workers / Workers / Hired Labor,Pension and profit-sharing plans,,,
Profit-sharing / Labor / Employee / Salary Workers / Workers,Pension and profit-sharing plans,,,
Profit-sharing / Labor / Employee / Salary Workers / Hired Labor,Pension and profit-sharing plans,,,
Profit-sharing / Labor / Employee / Workers / Hired Labor,Pension and profit-sharing plans,,,
Profit-sharing / Labor / Salary Workers / Workers / Hired Labor,Pension and profit-sharing plans,,,
Profit-sharing / Employee / Salary Workers / Workers / Hired Labor,Pension and profit-sharing plans,,,
Profit-sharing / Labor / Employee / Salary Workers / Workers / Hired Labor,Pension and profit-sharing plans,,,
Fence Materials,Unknown,Repairs and maintenance,Supplies,
Fence,Unknown,Repairs and maintenance,Supplies,
Materials,Unknown,Repairs and maintenance,Supplies,
Buildings,Repairs and maintenance,,,
Maintenance,Repairs and maintenance,,,
Labor,Unknown,Pension and profit-sharing plans,Labor Hired (less employment credits),Employee benefit programs
Labor / Employee,Unknown,Pension and profit-sharing plans,Labor Hired (less employment credits),Employee benefit programs
Labor / Salary Workers,Unknown,Pension and profit-sharing plans,Labor Hired (less employment credits),
Labor / Workers,Unknown,Pension and profit-sharing plans,Labor Hired (less employment credits),
Labor / Hired Labor,Unknown,Pension and profit-sharing plans,Labor Hired (less employment credits),
Labor / Employee / Salary Workers,Unknown,Pension and profit-sharing plans,Labor Hired (less employment credits),
Labor / Employee / Workers,Unknown,Pension and profit-sharing plans,Labor Hired (less employment credits),
Labor / Employee / Hired Labor,Unknown,Pension and profit-sharing plans,Labor Hired (less employment credits),
Labor / Salary Workers / Workers,Unknown,Pension and profit-sharing plans,Labor Hired (less employment credits),
Labor / Salary Workers / Hired Labor,Unknown,Pension and profit-sharing plans,Labor Hired (less employment credits),
Labor / Workers / Hired Labor,Unknown,Pension and profit-sharing plans,Labor Hired (less employment credits),
Labor / Employee / Salary Workers / Workers,Unknown,Pension and profit-sharing plans,Labor Hired (less employment credits),
Labor / Employee / Salary Workers / Hired Labor,Unknown,Pension and profit-sharing plans,Labor Hired (less employment credits),
Labor / Employee / Workers / Hired Labor,Unknown,Pension and profit-sharing plans,Labor Hired (less employment credits),
Labor / Salary Workers / Workers / Hired Labor,Unknown,Pension and profit-sharing plans,Labor Hired (less employment credits),
Labor / Employee / Salary Workers / Workers / Hired Labor,Unknown,Pension and profit-sharing plans,Labor Hired (less employment credits),
Employee,Unknown,Pension and profit-sharing plans,Labor Hired (less employment credits),Employee benefit programs
Employee / Salary Workers,Unknown,Pension and profit-sharing plans,Labor Hired (less employment credits),
Employee / Workers,Unknown,Pension and profit-sharing plans,Labor Hired (less employment credits),
Employee / Hired Labor,Unknown,Pension and profit-sharing plans,Labor Hired (less employment credits),
Employee / Salary Workers / Workers,Unknown,Pension and profit-sharing plans,Labor Hired (less employment credits),
Employee / Salary Workers / Hired Labor,Unknown,Pension and profit-sharing plans,Labor Hired (less employment credits),
Employee / Workers / Hired Labor,Unknown,Pension and profit-sharing plans,Labor Hired (less employment credits),
Employee / Salary Workers / Workers / Hired Labor,Unknown,Pension and profit-sharing plans,Labor Hired (less employment credits),
Salary Workers,Unknown,Pension and profit-sharing plans,Labor Hired (less employment credits),
Salary Workers / Workers,Unknown,Pension and profit-sharing plans,Labor Hired (less employment credits),
Salary Workers / Hired Labor,Unknown,Pension and profit-sharing plans,Labor Hired (less employment credits),
Salary Workers / Workers / Hired Labor,Unknown,Pension and profit-sharing plans,Labor Hired (less employment credits),
Workers,Unknown,Pension and profit-sharing plans,Labor Hired (less employment credits),
Workers / Hired Labor,Unknown,Pension and profit-sharing plans,Labor Hired (less employment credits),
Hired Labor,Unknown,Pension and profit-sharing plans,Labor Hired (less employment credits),Employee benefit programs
Rental / Rent / Rent Payment / Lease /  Lease Payment,Rent and leases: Land and animals,,,
Rental,Rent and leases: Land and animals,,,
Rental / Rent,Rent and leases: Land and animals,,,
Rental / Rent Payment,Rent and leases: Land and animals,,,
Rental / Lease,Rent and leases: Land and animals,,,
Rental / Lease Payment,Rent and leases: Land and animals,,,
Rental / Rent / Rent Payment,Rent and leases: Land and animals,,,
Rental / Rent / Lease,Rent and leases: Land and animals,,,
Rental / Rent / Lease Payment,Rent and leases: Land and animals,,,
Rental / Rent Payment / Lease,Rent and leases: Land and animals,,,
Rental / Rent Payment / Lease Payment,Rent and leases: Land and animals,,,
Rental / Lease /  Lease Payment,Rent and leases: Land and animals,,,
Rental / Rent / Rent Payment / Lease,Rent and leases: Land and animals,,,
Rental / Rent / Rent Payment /  Lease Payment,Rent and leases: Land and animals,,,
Rental / Rent / Lease /  Lease Payment,Rent and leases: Land and animals,,,
Rental / Rent Payment / Lease /  Lease Payment,Rent and leases: Land and animals,,,
Rent,Rent and leases: Land and animals,,,
Rent / Rent Payment,Rent and leases: Land and animals,,,
Rent / Lease,Rent and leases: Land and animals,,,
Rent / Lease Payment,Rent and leases: Land and animals,,,
Rent / Rent Payment / Lease,Rent and leases: Land and animals,,,
Rent / Rent Payment /  Lease Payment,Rent and leases: Land and animals,,,
Rent / Lease /  Lease Payment,Rent and leases: Land and animals,,,
Rent / Rent Payment / Lease /  Lease Payment,Rent and leases: Land and animals,,,
Rent Payment,Rent and leases: Land and animals,,,
Rent Payment / Lease,Rent and leases: Land and animals,,,
Rent Payment /  Lease Payment,Rent and leases: Land and animals,,,
Rent Payment / Lease /  Lease Payment,Rent and leases: Land and animals,,,
Lease,Rent and leases: Land and animals,,,
Lease /  Lease Payment,Rent and leases: Land and animals,,,
Lease Payment,Rent and leases: Land and animals,,,
Land / Animals Rent / Lease,Rent and leases: Land and animals,,,
Land,Rent and leases: Land and animals,,,
Land / Animals Rent,Rent and leases: Land and animals,,,
Land / Lease,Rent and leases: Land and animals,,,
Animals Rent,Rent and leases: Land and animals,,,
Animals Rent / Lease,Rent and leases: Land and animals,,,
Land and animals,Rent and leases: Land and animals,,,
Wheat Seeds / Seeds,Seeds and plants,,,
Wheat Seeds,Seeds and plants,,,
Seeds,Seeds and plants,,,
Plants,Seeds and plants,,,
Seeds and plants,Seeds and plants,,,
Wheat Seeds / Plants,Seeds and plants,,,
Farm House Loan / Farm Loan,Storage and warehousing,,,
Farm House Loan,Storage and warehousing,,,
Farm Loan,Storage and warehousing,,,
Loan for Farm,Unknown,Storage and warehousing,Interest on loans and mortgages,
Storage and warehousing,Storage and warehousing,,,
Storage,Storage and warehousing,,,
Warehousing,Storage and warehousing,,,
Tools,Supplies,,,
Supplies,Supplies,,,
Property taxes / Landowner Taxes / Taxes,Property taxes,,,
Property taxes,Property taxes,,,
Property taxes / Landowner Taxes,Property taxes,,,
Property taxes / Taxes,Property taxes,,,
Landowner Taxes / Taxes,Property taxes,,,
Landowner Taxes,Property taxes,,,
Taxes,Property taxes,,,
Vet & Medicine,"Veterinary, breeding, and medicine",,,
Vet,"Veterinary, breeding, and medicine",,,
Medicine,"Veterinary, breeding, and medicine",,,
Veterinary,"Veterinary, breeding, and medicine",,,
Breeding,"Veterinary, breeding, and medicine",,,
Veterinary Breeding,"Veterinary, breeding, and medicine",,,
"Veterinary, breeding, and medicine","Veterinary, breeding, and medicine",,,
Electricity / Power,Utilities,,,
Electricity,Utilities,,,
Power,Utilities,,,
Water / Plubming,Utilities,,,
Water,Utilities,,,
Plubming,Utilities,,,
Phone / Cell Phone / Telephone / Cell-Phone / Land-Line / Landline,Utilities,,,
Phone,Utilities,,,
Phone / Cell Phone,Utilities,,,
Phone / Telephone,Utilities,,,
Phone / Cell-Phone,Utilities,,,
Phone / Land-Line,Utilities,,,
Phone / Landline,Utilities,,,
Phone / Cell Phone / Telephone,Utilities,,,
Phone / Cell Phone / Cell-Phone,Utilities,,,
Phone / Cell Phone / Land-Line,Utilities,,,
Phone / Cell Phone / Landline,Utilities,,,
Phone / Telephone / Cell-Phone,Utilities,,,
Phone / Telephone / Land-Line,Utilities,,,
Phone / Telephone / Landline,Utilities,,,
Phone / Cell-Phone / Land-Line,Utilities,,,
Phone / Cell-Phone / Landline,Utilities,,,
Phone / Land-Line / Landline,Utilities,,,
Phone / Cell Phone / Telephone / Cell-Phone,Utilities,,,
Phone / Cell Phone / Telephone / Land-Line,Utilities,,,
Phone / Cell Phone / Telephone / Landline,Utilities,,,
Phone / Cell Phone / Cell-Phone / Land-Line,Utilities,,,
Phone / Cell Phone / Cell-Phone / Landline,Utilities,,,
Phone / Cell Phone / Land-Line / Landline,Utilities,,,
Phone / Telephone / Cell-Phone / Land-Line,Utilities,,,
Phone / Telephone / Cell-Phone / Landline,Utilities,,,
Phone / Telephone / Land-Line / Landline,Utilities,,,
Phone / Cell-Phone / Land-Line / Landline,Utilities,,,
Phone / Cell Phone / Telephone / Cell-Phone / Land-Line,Utilities,,,
Phone / Cell Phone / Telephone / Cell-Phone / Landline,Utilities,,,
Phone / Cell Phone / Telephone / Land-Line / Landline,Utilities,,,
Phone / Cell Phone / Cell-Phone / Land-Line / Landline,Utilities,,,
Phone / Telephone / Cell-Phone / Land-Line / Landline,Utilities,,,
Cell Phone,Utilities,,,
Cell Phone / Telephone,Utilities,,,
Cell Phone / Cell-Phone,Utilities,,,
Cell Phone / Land-Line,Utilities,,,
Cell Phone / Landline,Utilities,,,
Cell Phone / Telephone / Cell-Phone,Utilities,,,
Cell Phone / Telephone / Land-Line,Utilities,,,
Cell Phone / Telephone / Landline,Utilities,,,
Cell Phone / Cell-Phone / Land-Line,Utilities,,,
Cell Phone / Cell-Phone / Landline,Utilities,,,
Cell Phone / Telephone / Cell-Phone / Land-Line,Utilities,,,
Cell Phone / Telephone / Cell-Phone / Landline,Utilities,,,
Cell Phone / Telephone / Land-Line / Landline,Utilities,,,
Cell Phone / Cell-Phone / Land-Line / Landline,Utilities,,,
Cell Phone / Telephone / Cell-Phone / Land-Line / Landline,Utilities,,,
Telephone,Utilities,,,
Telephone / Cell-Phone,Utilities,,,
Telephone / Land-Line,Utilities,,,
Telephone / Landline,Utilities,,,
Telephone / Cell-Phone / Land-Line,Utilities,,,
Telephone / Cell-Phone / Landline,Utilities,,,
Telephone / Land-Line / Landline,Utilities,,,
Telephone / Cell-Phone / Land-Line / Landline,Utilities,,,
Cell-Phone,Utilities,,,
Cell-Phone / Land-Line,Utilities,,,
Cell-Phone / Landline,Utilities,,,
Cell-Phone / Land-Line / Landline,Utilities,,,
Natural Gas / Gas / Heating / Kerosene / Lamp Oil,Utilities,,,
Natural Gas,Utilities,,,
Natural Gas / Gas,Utilities,,,
Natural Gas / Heating,Utilities,,,
Natural Gas / Kerosene,Utilities,,,
Natural Gas / Lamp Oil,Utilities,,,
Natural Gas / Gas / Heating,Utilities,,,
Natural Gas / Gas / Kerosene,Utilities,,,
Natural Gas / Gas / Lamp Oil,Utilities,,,
Natural Gas / Heating / Kerosene,Utilities,,,
Natural Gas / Heating / Lamp Oil,Utilities,,,
Natural Gas / Kerosene / Lamp Oil,Utilities,,,
Natural Gas / Gas / Heating / Kerosene,Utilities,,,
Natural Gas / Gas / Heating / Lamp Oil,Utilities,,,
Natural Gas / Gas / Kerosene / Lamp Oil,Utilities,,,
Natural Gas / Heating / Kerosene / Lamp Oil,Utilities,,,
Gas / Heating,Utilities,,,
Gas / Kerosene,Utilities,,,
Gas / Lamp Oil,Utilities,,,
Gas / Heating / Kerosene,Utilities,,,
Gas / Heating / Lamp Oil,Utilities,,,
Gas / Kerosene / Lamp Oil,Utilities,,,
Gas / Heating / Kerosene / Lamp Oil,Utilities,,,
Heating,Utilities,,,
Heating / Kerosene,Utilities,,,
Heating / Lamp Oil,Utilities,,,
Heating / Kerosene / Lamp Oil,Utilities,,,
Kerosene,Utilities,,,
Kerosene / Lamp Oil,Utilities,,,
Lamp Oil,Utilities,,,
Wastewater / Sewage,Utilities,,,
Wastewater,Utilities,,,
Sewage,Utilities,,,
Heifer Purchases,Cost of goods sold,,,
Cost of Goods,Cost of goods sold,,,
Goods,Cost of goods sold,,,
Goods Sold,Cost of goods sold,,,
Accountant,Other expenses,,,
Miscellaneous,Other expenses,,,
Attorney / Sewer / Educational Workshops / Well,Other expenses,,,
Attorney,Other expenses,,,
Attorney / Sewer,Other expenses,,,
Attorney / Educational Workshops,Other expenses,,,
Attorney / Well,Other expenses,,,
Attorney / Sewer / Educational Workshops,Other expenses,,,
Attorney / Sewer / Well,Other expenses,,,
Attorney / Educational Workshops / Well,Other expenses,,,
Sewer,Other expenses,,,
Sewer / Educational Workshops,Other expenses,,,
Sewer / Well,Other expenses,,,
Sewer / Educational Workshops / Well,Other expenses,,,
Educational Workshops,Other expenses,,,
Educational Workshops / Well,Other expenses,,,
Well,Other expenses,,,
Other expenses,Other expenses,,,
Ag program payments,Ag program payments,,,
Agricultural program payments,Agricultural program payments,,,
Commodity Credit Corporation,Commodity Credit Corporation,,,
"Rent and leases: Machinery, equipment and vehicles","Rent and leases: Machinery, equipment and vehicles",,,
Machinery,"Rent and leases: Machinery, equipment and vehicles",,,
Specified,Specified custom hire (machine work) income,,,
Specified custom,Specified custom hire (machine work) income,,,
Specified custom hire,Specified custom hire (machine work) income,,,
Specified custom hire (machine work) income,Specified custom hire (machine work) income,,,
Other Income,Other Income,,,