Tags,Category,Type,Code,Category1,Category2,Category3
Wheat / Grain / Harvest,"Sales of livestock, produce, grains and other products",Income,line_1_a,,,
Wheat,"Sales of livestock, produce, grains and other products",Income,line_1_a,,,
Wheat / Grain,"Sales of livestock, produce, grains and other products",Income,line_1_a,,,
Wheat / Harvest,"Sales of livestock, produce, grains and other products",Income,line_1_a,,,
Grain,"Sales of livestock, produce, grains and other products",Income,line_1_a,,,
Grain / Harvest,"Sales of livestock, produce, grains and other products",Income,line_1_a,,,
Harvest,"Sales of livestock, produce, grains and other products",Income,line_1_a,,,
Sales of Wheat,"Sales of livestock, produce, grains and other products",Income,line_1_a,,,
Wool / Lamb Products / Animal Products,"Sales of livestock, produce, grains and other products",Income,line_1_a,,,
Wool,"Sales of livestock, produce, grains and other products",Income,line_1_a,,,
Wool / Lamb Products,"Sales of livestock, produce, grains and other products",Income,line_1_a,,,
Wool / Animal Products,"Sales of livestock, produce, grains and other products",Income,line_1_a,,,
Lamb Products,"Sales of livestock, produce, grains and other products",Income,line_1_a,,,
Lamb Products / Animal Products,"Sales of livestock, produce, grains and other products",Income,line_1_a,,,
Animal Products,"Sales of livestock, produce, grains and other products",Income,line_1_a,,,
"Sales of livestock, produce, grains and other products","Sales of livestock, produce, grains and other products",Income,line_1_a,,,
Sales of Livestock,"Sales of livestock, produce, grains and other products",Income,line_1_a,,,
Produce Grains,"Sales of livestock, produce, grains and other products",Income,line_1_a,,,
Produce Grains & Other Products,"Sales of livestock, produce, grains and other products",Income,line_1_a,,,
Coop / Rebate / Patronage Dividends,Cooperative distributions received,Income,line_3_a,,,
Coop,Cooperative distributions received,Income,line_3_a,,,
Cooperative,Cooperative distributions received,Income,line_3_a,,,
Cooperative distributions,Cooperative distributions received,Income,line_3_a,,,
Coop / Rebate,Cooperative distributions received,Income,line_3_a,,,
Coop / Patronage Dividends,Cooperative distributions received,Income,line_3_a,,,
Rebate,Cooperative distributions received,Income,line_3_a,,,
Rebate / Patronage Dividends,Cooperative distributions received,Income,line_3_a,,,
Patronage Dividends,Cooperative distributions received,Income,line_3_a,,,
Cooperative distributions received,Cooperative distributions received,Income,line_3_a,,,
Distributions,Cooperative distributions received,Income,line_3_a,,,
Distributions Received,Cooperative distributions received,Income,line_3_a,,,
Received,Cooperative distributions received,Income,line_3_a,,,
Insurance Payout,Crop insurance proceeds and federal crop disaster payments,Income,line_6_a,,,
Proceeds,Crop insurance proceeds and federal crop disaster payments,Income,line_6_a,,,
Crop,Crop insurance proceeds and federal crop disaster payments,Income,line_6_a,,,
Crop insurance,Unknown,Unknown,Unknown,Insurance (other than health),Crop insurance proceeds and federal crop disaster payments,
Crop insurance proceeds,Crop insurance proceeds and federal crop disaster payments,Income,line_6_a,,,
federal crop,Crop insurance proceeds and federal crop disaster payments,Income,line_6_a,,,
federal crop disaster,Crop insurance proceeds and federal crop disaster payments,Income,line_6_a,,,
federal crop disaster payments,Crop insurance proceeds and federal crop disaster payments,Income,line_6_a,,,
Crop insurance proceeds and federal crop disaster payments,Crop insurance proceeds and federal crop disaster payments,Income,line_6_a,,,
Baling Alfalfa Hay / Baling,Custom hire (machine work),Expense,line_13,,,
Baling Alfalfa Hay,Custom hire (machine work),Expense,line_13,,,
Baling,Custom hire (machine work),Expense,line_13,,,
Custom Hire (Machine Work),Custom hire (machine work),Expense,line_13,,,
Custom Hire,Custom hire (machine work),Expense,line_13,,,
Machine Work,Custom hire (machine work),Expense,line_13,,,
Lubricant / Lube / Oil / Oil Change / Repair / Car Repair,Unknown,Unknown,Unknown,Car and truck expenses,Repairs and maintenance,
Lubricant,Unknown,Unknown,Unknown,Car and truck expenses,Repairs and maintenance,
Lubricant / Lube,Unknown,Unknown,Unknown,Car and truck expenses,Repairs and maintenance,
Lubricant / Oil,Unknown,Unknown,Unknown,Car and truck expenses,Repairs and maintenance,
Lubricant / Oil Change,Unknown,Unknown,Unknown,Car and truck expenses,Repairs and maintenance,
Lubricant / Repair,Unknown,Unknown,Unknown,Car and truck expenses,Repairs and maintenance,
Lubricant / Car Repair,Unknown,Unknown,Unknown,Car and truck expenses,Repairs and maintenance,
Lubricant / Lube / Oil,Unknown,Unknown,Unknown,Car and truck expenses,Repairs and maintenance,
Lubricant / Lube / Oil Change,Unknown,Unknown,Unknown,Car and truck expenses,Repairs and maintenance,
Lubricant / Lube / Repair,Unknown,Unknown,Unknown,Car and truck expenses,Repairs and maintenance,
Lubricant / Lube / Car Repair,Unknown,Unknown,Unknown,Car and truck expenses,Repairs and maintenance,
Lubricant / Oil / Oil Change,Unknown,Unknown,Unknown,Car and truck expenses,Repairs and maintenance,
Lubricant / Oil / Repair,Unknown,Unknown,Unknown,Car and truck expenses,Repairs and maintenance,
Lubricant / Oil / Car Repair,Unknown,Unknown,Unknown,Car and truck expenses,Repairs and maintenance,
Lubricant / Oil Change / Repair,Unknown,Unknown,Unknown,Car and truck expenses,Repairs and maintenance,
Lubricant / Oil Change / Car Repair,Unknown,Unknown,Unknown,Car and truck expenses,Repairs and maintenance,
Lubricant / Repair / Car Repair,Unknown,Unknown,Unknown,Car and truck expenses,Repairs and maintenance,
Lubricant / Lube / Oil / Oil Change,Unknown,Unknown,Unknown,Car and truck expenses,Repairs and maintenance,
Lubricant / Lube / Oil / Repair,Unknown,Unknown,Unknown,Car and truck expenses,Repairs and maintenance,
Lubricant / Lube / Oil / Car Repair,Unknown,Unknown,Unknown,Car and truck expenses,Repairs and maintenance,
Lubricant / Lube / Oil Change / Repair,Unknown,Unknown,Unknown,Car and truck expenses,Repairs and maintenance,
Lubricant / Lube / Oil Change / Car Repair,Unknown,Unknown,Unknown,Car and truck expenses,Repairs and maintenance,
Lubricant / Lube / Repair / Car Repair,Unknown,Unknown,Unknown,Car and truck expenses,Repairs and maintenance,
Lubricant / Oil / Oil Change / Repair,Unknown,Unknown,Unknown,Car and truck expenses,Repairs and maintenance,
Lubricant / Oil / Oil Change / Car Repair,Unknown,Unknown,Unknown,Car and truck expenses,Repairs and maintenance,
Lubricant / Oil / Repair / Car Repair,Unknown,Unknown,Unknown,Car and truck expenses,Repairs and maintenance,
Lubricant / Oil Change / Repair / Car Repair,Unknown,Unknown,Unknown,Car and truck expenses,Repairs and maintenance,
Lubricant / Lube / Oil / Oil Change / Repair,Unknown,Unknown,Unknown,Car and truck expenses,Repairs and maintenance,
Lubricant / Lube / Oil / Oil Change / Car Repair,Unknown,Unknown,Unknown,Car and truck expenses,Repairs and maintenance,
Lubricant / Lube / Oil / Repair / Car Repair,Unknown,Unknown,Unknown,Car and truck expenses,Repairs and maintenance,
Lubricant / Lube / Oil Change / Repair / Car Repair,Unknown,Unknown,Unknown,Car and truck expenses,Repairs and maintenance,
Lubricant / Oil / Oil Change / Repair / Car Repair,Unknown,Unknown,Unknown,Car and truck expenses,Repairs and maintenance,
Lube,Unknown,Unknown,Unknown,Car and truck expenses,Repairs and maintenance,
Lube / Oil,Unknown,Unknown,Unknown,Car and truck expenses,Repairs and maintenance,
Lube / Oil Change,Unknown,Unknown,Unknown,Car and truck expenses,Repairs and maintenance,
Lube / Repair,Unknown,Unknown,Unknown,Car and truck expenses,Repairs and maintenance,
Lube / Car Repair,Unknown,Unknown,Unknown,Car and truck expenses,Repairs and maintenance,
Lube / Oil / Oil Change,Unknown,Unknown,Unknown,Car and truck expenses,Repairs and maintenance,
Lube / Oil / Repair,Unknown,Unknown,Unknown,Car and truck expenses,Repairs and maintenance,
Lube / Oil / Car Repair,Unknown,Unknown,Unknown,Car and truck expenses,Repairs and maintenance,
Lube / Oil Change / Repair,Unknown,Unknown,Unknown,Car and truck expenses,Repairs and maintenance,
Lube / Oil Change / Car Repair,Unknown,Unknown,Unknown,Car and truck expenses,Repairs and maintenance,
Lube / Repair / Car Repair,Unknown,Unknown,Unknown,Car and truck expenses,Repairs and maintenance,
Lube / Oil / Oil Change / Repair,Unknown,Unknown,Unknown,Car and truck expenses,Repairs and maintenance,
Lube / Oil / Oil Change / Car Repair,Unknown,Unknown,Unknown,Car and truck expenses,Repairs and maintenance,
Lube / Oil / Repair / Car Repair,Unknown,Unknown,Unknown,Car and truck expenses,Repairs and maintenance,
Lube / Oil Change / Repair / Car Repair,Unknown,Unknown,Unknown,Car and truck expenses,Repairs and maintenance,
Lube / Oil / Oil Change / Repair / Car Repair,Unknown,Unknown,Unknown,Car and truck expenses,Repairs and maintenance,
Oil,Unknown,Unknown,Unknown,Car and truck expenses,Repairs and maintenance,"Gasoline, fuel and oil"
Oil / Oil Change,Unknown,Unknown,Unknown,Car and truck expenses,Repairs and maintenance,
Oil / Repair,Unknown,Unknown,Unknown,Car and truck expenses,Repairs and maintenance,
Oil / Car Repair,Unknown,Unknown,Unknown,Car and truck expenses,Repairs and maintenance,
Oil / Oil Change / Repair,Unknown,Unknown,Unknown,Car and truck expenses,Repairs and maintenance,
Oil / Oil Change / Car Repair,Unknown,Unknown,Unknown,Car and truck expenses,Repairs and maintenance,
Oil / Repair / Car Repair,Unknown,Unknown,Unknown,Car and truck expenses,Repairs and maintenance,
Oil / Oil Change / Repair / Car Repair,Unknown,Unknown,Unknown,Car and truck expenses,Repairs and maintenance,
Oil Change,Unknown,Unknown,Unknown,Car and truck expenses,Repairs and maintenance,
Oil Change / Repair,Unknown,Unknown,Unknown,Car and truck expenses,Repairs and maintenance,
Oil Change / Car Repair,Unknown,Unknown,Unknown,Car and truck expenses,Repairs and maintenance,
Oil Change / Repair / Car Repair,Unknown,Unknown,Unknown,Car and truck expenses,Repairs and maintenance,
Repair,Unknown,Unknown,Unknown,Car and truck expenses,Repairs and maintenance,
Repair / Car Repair,Unknown,Unknown,Unknown,Car and truck expenses,Repairs and maintenance,
Car Repair,Unknown,Unknown,Unknown,Car and truck expenses,Repairs and maintenance,
Repairs,Unknown,Unknown,Unknown,Car and truck expenses,Repairs and maintenance,
Parking / Car Parking / Vehicle Storage,Car and truck expenses,Expense,line_10,,,
Parking,Car and truck expenses,Expense,line_10,,,
Parking / Car Parking,Car and truck expenses,Expense,line_10,,,
Parking / Vehicle Storage,Car and truck expenses,Expense,line_10,,,
Car Parking / Vehicle Storage,Car and truck expenses,Expense,line_10,,,
Vehicle Storage,Car and truck expenses,Expense,line_10,,,
Toll / Bridge Toll / Road Toll,Car and truck expenses,Expense,line_10,,,
Toll,Car and truck expenses,Expense,line_10,,,
Toll / Bridge Toll,Car and truck expenses,Expense,line_10,,,
Toll / Road Toll,Car and truck expenses,Expense,line_10,,,
Bridge Toll,Car and truck expenses,Expense,line_10,,,
Bridge Toll / Road Toll,Car and truck expenses,Expense,line_10,,,
Road Toll,Car and truck expenses,Expense,line_10,,,
Insurance / Car Insurance,Car and truck expenses,Expense,line_10,,,
Car Insurance,Car and truck expenses,Expense,line_10,,,
Insurance / Farming Equipment Insurance,Unknown,Unknown,Unknown,Car and truck expenses,Insurance (other than health),
Insurance,Unknown,Unknown,Unknown,Car and truck expenses,Insurance (other than health),
Farming Equipment Insurance,Unknown,Unknown,Unknown,Car and truck expenses,Insurance (other than health),
Pickup / Truck / ATV Repairs,Car and truck expenses,Expense,line_10,,,
Pickup/Truck/ATV Repairs,Car and truck expenses,Expense,line_10,,,
Pickup,Car and truck expenses,Expense,line_10,,,
Pickup / Truck,Car and truck expenses,Expense,line_10,,,
Pickup / ATV Repairs,Car and truck expenses,Expense,line_10,,,
Truck,Car and truck expenses,Expense,line_10,,,
Truck / ATV Repairs,Car and truck expenses,Expense,line_10,,,
ATV Repairs,Car and truck expenses,Expense,line_10,,,
Car and truck expenses,Car and truck expenses,Expense,line_10,,,
Chemicals / Agricultural Chemicals / Ag Chemicals,Chemicals,Expense,line_11,,,
Chemicals,Chemicals,Expense,line_11,,,
Chemicals / Agricultural Chemicals,Chemicals,Expense,line_11,,,
Chemicals / Ag Chemicals,Chemicals,Expense,line_11,,,
Agricultural Chemicals,Chemicals,Expense,line_11,,,
Agricultural Chemicals / Ag Chemicals,Chemicals,Expense,line_11,,,
Ag Chemicals,Chemicals,Expense,line_11,,,
Trees / Windbreaks / Brush / Bushes,Conservation expenses,Expense,line_12,,,
Trees,Conservation expenses,Expense,line_12,,,
Trees / Windbreaks,Conservation expenses,Expense,line_12,,,
Trees / Brush,Conservation expenses,Expense,line_12,,,
Trees / Bushes,Conservation expenses,Expense,line_12,,,
Trees / Windbreaks / Brush,Conservation expenses,Expense,line_12,,,
Trees / Windbreaks / Bushes,Conservation expenses,Expense,line_12,,,
Trees / Brush / Bushes,Conservation expenses,Expense,line_12,,,
Windbreaks,Conservation expenses,Expense,line_12,,,
Windbreaks / Brush,Conservation expenses,Expense,line_12,,,
Windbreaks / Bushes,Conservation expenses,Expense,line_12,,,
Windbreaks / Brush / Bushes,Conservation expenses,Expense,line_12,,,
Brush,Conservation expenses,Expense,line_12,,,
Brush / Bushes,Conservation expenses,Expense,line_12,,,
Bushes,Conservation expenses,Expense,line_12,,,
Conservation,Conservation expenses,Expense,line_12,,,
Conservation expenses,Conservation expenses,Expense,line_12,,,
Benefits / Employee Benefits / Farm Hired Labor / Hired Labor / Labor / Employee,Unknown,Unknown,Unknown,Employee benefit programs,Labor Hired (less employment credits),Pension and profit-sharing plans
Benefits,Employee benefit programs,Expense,line_15,,,
Benefits / Employee Benefits,Employee benefit programs,Expense,line_15,,,
Benefits / Farm Hired Labor,Unknown,Unknown,Unknown,Employee benefit programs,Labor Hired (less employment credits),Pension and profit-sharing plans
Benefits / Hired Labor,Employee benefit programs,Expense,line_15,,,
Benefits / Labor,Employee benefit programs,Expense,line_15,,,
Benefits / Employee,Employee benefit programs,Expense,line_15,,,
Benefits / Employee Benefits / Farm Hired Labor,Unknown,Unknown,Unknown,Employee benefit programs,Labor Hired (less employment credits),Pension and profit-sharing plans
Benefits / Employee Benefits / Hired Labor,Employee benefit programs,Expense,line_15,,,
Benefits / Employee Benefits / Labor,Employee benefit programs,Expense,line_15,,,
Benefits / Employee Benefits / Employee,Employee benefit programs,Expense,line_15,,,
Benefits / Farm Hired Labor / Hired Labor,Unknown,Unknown,Unknown,Employee benefit programs,Labor Hired (less employment credits),Pension and profit-sharing plans
Benefits / Farm Hired Labor / Labor,Unknown,Unknown,Unknown,Employee benefit programs,Labor Hired (less employment credits),Pension and profit-sharing plans
Benefits / Farm Hired Labor / Employee,Unknown,Unknown,Unknown,Employee benefit programs,Labor Hired (less employment credits),Pension and profit-sharing plans
Benefits / Hired Labor / Labor,Employee benefit programs,Expense,line_15,,,
Benefits / Hired Labor / Employee,Employee benefit programs,Expense,line_15,,,
Benefits / Labor / Employee,Employee benefit programs,Expense,line_15,,,
Benefits / Employee Benefits / Farm Hired Labor / Hired Labor,Unknown,Unknown,Unknown,Employee benefit programs,Labor Hired (less employment credits),Pension and profit-sharing plans
Benefits / Employee Benefits / Farm Hired Labor / Labor,Unknown,Unknown,Unknown,Employee benefit programs,Labor Hired (less employment credits),Pension and profit-sharing plans
Benefits / Employee Benefits / Farm Hired Labor / Employee,Unknown,Unknown,Unknown,Employee benefit programs,Labor Hired (less employment credits),Pension and profit-sharing plans
Benefits / Employee Benefits / Hired Labor / Labor,Employee benefit programs,Expense,line_15,,,
Benefits / Employee Benefits  / Hired Labor / Employee,Employee benefit programs,Expense,line_15,,,
Benefits / Employee Benefits / Labor / Employee,Employee benefit programs,Expense,line_15,,,
Benefits / Farm Hired Labor / Hired Labor / Labor,Unknown,Unknown,Unknown,Employee benefit programs,Labor Hired (less employment credits),Pension and profit-sharing plans
Benefits / Farm Hired Labor / Hired Labor / Employee,Unknown,Unknown,Unknown,Employee benefit programs,Labor Hired (less employment credits),Pension and profit-sharing plans
Benefits / Hired Labor / Labor / Employee,Employee benefit programs,Expense,line_15,,,
Benefits / Employee Benefits / Farm Hired Labor / Hired Labor / Labor,Unknown,Unknown,Unknown,Employee benefit programs,Labor Hired (less employment credits),Pension and profit-sharing plans
Benefits / Employee Benefits / Farm Hired Labor / Hired Labor / Employee,Unknown,Unknown,Unknown,Employee benefit programs,Labor Hired (less employment credits),Pension and profit-sharing plans
Benefits / Employee Benefits / Farm Hired Labor / Labor / Employee,Unknown,Unknown,Unknown,Employee benefit programs,Labor Hired (less employment credits),Pension and profit-sharing plans
Benefits / Employee Benefits / Hired Labor / Labor / Employee,Employee benefit programs,Expense,line_15,,,
Benefits / Farm Hired Labor / Hired Labor / Labor / Employee,Unknown,Unknown,Unknown,Employee benefit programs,Labor Hired (less employment credits),Pension and profit-sharing plans
Employee Benefits,Employee benefit programs,Expense,line_15,,,
Employee Benefits / Farm Hired Labor,Unknown,Unknown,Unknown,Employee benefit programs,Labor Hired (less employment credits),Pension and profit-sharing plans
Employee Benefits / Hired Labor,Employee benefit programs,Expense,line_15,,,
Employee Benefits / Labor,Employee benefit programs,Expense,line_15,,,
Employee Benefits / Employee,Employee benefit programs,Expense,line_15,,,
Employee Benefits / Farm Hired Labor / Hired Labor,Unknown,Unknown,Unknown,Employee benefit programs,,Pension and profit-sharing plans
Employee Benefits / Farm Hired Labor / Labor,Unknown,Unknown,Unknown,Employee benefit programs,,Pension and profit-sharing plans
Employee Benefits / Farm Hired Labor / Employee,Unknown,Unknown,Unknown,Employee benefit programs,,Pension and profit-sharing plans
Employee Benefits / Hired Labor / Labor,Employee benefit programs,Expense,line_15,,,
Employee Benefits / Hired Labor / Employee,Employee benefit programs,Expense,line_15,,,
Employee Benefits / Labor / Employee,Employee benefit programs,Expense,line_15,,,
Employee Benefits / Farm Hired Labor / Hired Labor / Labor,Unknown,Unknown,Unknown,Employee benefit programs,,Pension and profit-sharing plans
Employee Benefits / Farm Hired Labor / Hired Labor / Employee,Unknown,Unknown,Unknown,Employee benefit programs,,Pension and profit-sharing plans
Employee Benefits / Farm Hired Labor / Labor / Employee,Unknown,Unknown,Unknown,Employee benefit programs,,Pension and profit-sharing plans
Employee Benefits / Hired Labor / Labor / Employee,Employee benefit programs,Expense,line_15,,,
Employee Benefits / Farm Hired Labor / Hired Labor / Labor / Employee,Unknown,Unknown,Unknown,Employee benefit programs,,Pension and profit-sharing plans
Farm Hired Labor,Unknown,Unknown,Unknown,Employee benefit programs,,Pension and profit-sharing plans
Farm Hired Labor / Hired Labor,Unknown,Unknown,Unknown,Employee benefit programs,,Pension and profit-sharing plans
Farm Hired Labor / Labor,Unknown,Unknown,Unknown,Employee benefit programs,,Pension and profit-sharing plans
Farm Hired Labor / Employee,Unknown,Unknown,Unknown,Employee benefit programs,,Pension and profit-sharing plans
Farm Hired Labor / Hired Labor / Labor,Unknown,Unknown,Unknown,Employee benefit programs,,Pension and profit-sharing plans
Farm Hired Labor / Hired Labor / Employee,Unknown,Unknown,Unknown,Employee benefit programs,,Pension and profit-sharing plans
Farm Hired Labor / Labor / Employee,Unknown,Unknown,Unknown,Employee benefit programs,,Pension and profit-sharing plans
Farm Hired Labor / Hired Labor / Labor / Employee,Unknown,Unknown,Unknown,Employee benefit programs,,Pension and profit-sharing plans
Hired Labor / Labor,Employee benefit programs,Expense,line_15,,,
Hired Labor / Employee,Employee benefit programs,Expense,line_15,,,
Hired Labor / Labor / Employee,Employee benefit programs,Expense,line_15,,,
Employee benefit programs,Employee benefit programs,Expense,line_15,,,
Livestock Feed / Lamb Feed,Feed,Expense,line_16,,,
Livestock Feed,Feed,Expense,line_16,,,
Lamb Feed,Feed,Expense,line_16,,,
Feed,Feed,Expense,line_16,,,
Agricultural Limestone / Ag Lime / Agricultural Fertilizer / Fertilizer,Fertilizers and lime,Expense,line_17,,,
Agricultural Limestone,Fertilizers and lime,Expense,line_17,,,
Agricultural Limestone / Ag Lime,Fertilizers and lime,Expense,line_17,,,
Agricultural Limestone / Agricultural Fertilizer,Fertilizers and lime,Expense,line_17,,,
Agricultural Limestone / Fertilizer,Fertilizers and lime,Expense,line_17,,,
Agricultural Limestone / Ag Lime / Agricultural Fertilizer,Fertilizers and lime,Expense,line_17,,,
Agricultural Limestone / Ag Lime / Fertilizer,Fertilizers and lime,Expense,line_17,,,
Agricultural Limestone / Agricultural Fertilizer / Fertilizer,Fertilizers and lime,Expense,line_17,,,
Ag Lime,Fertilizers and lime,Expense,line_17,,,
Ag Lime / Agricultural Fertilizer,Fertilizers and lime,Expense,line_17,,,
Ag Lime / Fertilizer,Fertilizers and lime,Expense,line_17,,,
Ag Lime / Agricultural Fertilizer / Fertilizer,Fertilizers and lime,Expense,line_17,,,
Agricultural Fertilizer,Fertilizers and lime,Expense,line_17,,,
Agricultural Fertilizer / Fertilizer,Fertilizers and lime,Expense,line_17,,,
Fertilizer,Fertilizers and lime,Expense,line_17,,,
Fertilizers and lime,Fertilizers and lime,Expense,line_17,,,
Fertilizers,Fertilizers and lime,Expense,line_17,,,
Lime,Fertilizers and lime,Expense,line_17,,,
Transportation / Delivery / Grain Hauling,Freight and trucking,Expense,line_18,,,
Transportation,Freight and trucking,Expense,line_18,,,
Transportation / Delivery,Freight and trucking,Expense,line_18,,,
Transportation / Grain Hauling,Freight and trucking,Expense,line_18,,,
Delivery,Freight and trucking,Expense,line_18,,,
Delivery / Grain Hauling,Freight and trucking,Expense,line_18,,,
Grain Hauling,Freight and trucking,Expense,line_18,,,
Grain Hauliing,Freight and trucking,Expense,line_18,,,
Livestock Hauling,Freight and trucking,Expense,line_18,,,
Freight and trucking,Freight and trucking,Expense,line_18,,,
Freight,Freight and trucking,Expense,line_18,,,
Trucking,Freight and trucking,Expense,line_18,,,
Gas / Gasoline / Petrol / Petroleum / Fuel / Oil / Diesel,"Gasoline, fuel and oil",Expense,line_19,,,
Gas,Unknown,Unknown,Unknown,"Gasoline, fuel and oil",Utilities,
Gas / Gasoline,"Gasoline, fuel and oil",Expense,line_19,,,
Gas / Petrol,"Gasoline, fuel and oil",Expense,line_19,,,
Gas / Petroleum,"Gasoline, fuel and oil",Expense,line_19,,,
Gas / Fuel,"Gasoline, fuel and oil",Expense,line_19,,,
Gas / Oil,"Gasoline, fuel and oil",Expense,line_19,,,
Gas / Diesel,"Gasoline, fuel and oil",Expense,line_19,,,
Gas / Gasoline / Petrol,"Gasoline, fuel and oil",Expense,line_19,,,
Gas / Gasoline / Petroleum,"Gasoline, fuel and oil",Expense,line_19,,,
Gas / Gasoline / Fuel,"Gasoline, fuel and oil",Expense,line_19,,,
Gas / Gasoline / Oil,"Gasoline, fuel and oil",Expense,line_19,,,
Gas / Gasoline / Diesel,"Gasoline, fuel and oil",Expense,line_19,,,
Gas / Petrol / Petroleum,"Gasoline, fuel and oil",Expense,line_19,,,
Gas / Petrol / Fuel,"Gasoline, fuel and oil",Expense,line_19,,,
Gas / Petrol / Oil,"Gasoline, fuel and oil",Expense,line_19,,,
Gas / Petrol / Diesel,"Gasoline, fuel and oil",Expense,line_19,,,
Gas / Petroleum / Fuel,"Gasoline, fuel and oil",Expense,line_19,,,
Gas / Petroleum / Oil,"Gasoline, fuel and oil",Expense,line_19,,,
Gas / Petroleum / Diesel,"Gasoline, fuel and oil",Expense,line_19,,,
Gas / Fuel / Oil,"Gasoline, fuel and oil",Expense,line_19,,,
Gas / Fuel / Diesel,"Gasoline, fuel and oil",Expense,line_19,,,
Gas / Oil / Diesel,"Gasoline, fuel and oil",Expense,line_19,,,
Gas / Gasoline / Petrol / Petroleum,"Gasoline, fuel and oil",Expense,line_19,,,
Gas / Gasoline / Petrol / Fuel,"Gasoline, fuel and oil",Expense,line_19,,,
Gas / Gasoline / Petrol / Oil,"Gasoline, fuel and oil",Expense,line_19,,,
Gas / Gasoline / Petrol / Diesel,"Gasoline, fuel and oil",Expense,line_19,,,
Gas / Gasoline / Petroleum / Fuel,"Gasoline, fuel and oil",Expense,line_19,,,
Gas / Gasoline / Petroleum / Oil,"Gasoline, fuel and oil",Expense,line_19,,,
Gas / Gasoline / Petroleum / Diesel,"Gasoline, fuel and oil",Expense,line_19,,,
Gas / Gasoline / Fuel / Oil,"Gasoline, fuel and oil",Expense,line_19,,,
Gas / Gasoline / Fuel / Diesel,"Gasoline, fuel and oil",Expense,line_19,,,
Gas / Gasoline / Oil / Diesel,"Gasoline, fuel and oil",Expense,line_19,,,
Gas / Petrol / Petroleum / Fuel,"Gasoline, fuel and oil",Expense,line_19,,,
Gas / Petrol / Petroleum / Oil,"Gasoline, fuel and oil",Expense,line_19,,,
Gas / Petrol / Petroleum / Diesel,"Gasoline, fuel and oil",Expense,line_19,,,
Gas / Petrol / Fuel / Oil,"Gasoline, fuel and oil",Expense,line_19,,,
Gas / Petrol / Fuel / Diesel,"Gasoline, fuel and oil",Expense,line_19,,,
Gas / Petrol / Oil / Diesel,"Gasoline, fuel and oil",Expense,line_19,,,
Gas / Petroleum / Fuel / Oil,"Gasoline, fuel and oil",Expense,line_19,,,
Gas / Petroleum / Fuel / Diesel,"Gasoline, fuel and oil",Expense,line_19,,,
Gas / Petroleum / Oil / Diesel,"Gasoline, fuel and oil",Expense,line_19,,,
Gas / Fuel / Oil / Diesel,"Gasoline, fuel and oil",Expense,line_19,,,
Gas / Gasoline / Petrol / Petroleum / Fuel,"Gasoline, fuel and oil",Expense,line_19,,,
Gas / Gasoline / Petrol / Petroleum / Oil,"Gasoline, fuel and oil",Expense,line_19,,,
Gas / Gasoline / Petrol / Petroleum / Diesel,"Gasoline, fuel and oil",Expense,line_19,,,
Gas / Gasoline / Petrol / Fuel / Oil,"Gasoline, fuel and oil",Expense,line_19,,,
Gas / Gasoline / Petrol / Fuel / Diesel,"Gasoline, fuel and oil",Expense,line_19,,,
Gas / Gasoline / Petrol / Oil / Diesel,"Gasoline, fuel and oil",Expense,line_19,,,
Gas / Gasoline / Petroleum / Fuel / Oil,"Gasoline, fuel and oil",Expense,line_19,,,
Gas / Gasoline / Petroleum / Fuel / Diesel,"Gasoline, fuel and oil",Expense,line_19,,,
Gas / Gasoline / Petroleum / Oil / Diesel,"Gasoline, fuel and oil",Expense,line_19,,,
Gas / Petrol / Petroleum / Fuel / Oil,"Gasoline, fuel and oil",Expense,line_19,,,
Gas / Petrol / Petroleum / Fuel / Diesel,"Gasoline, fuel and oil",Expense,line_19,,,
Gas / Petrol / Petroleum / Oil / Diesel,"Gasoline, fuel and oil",Expense,line_19,,,
Gas / Gasoline / Petrol / Petroleum / Fuel / Oil,"Gasoline, fuel and oil",Expense,line_19,,,
Gas / Gasoline / Petrol / Petroleum / Fuel / Diesel,"Gasoline, fuel and oil",Expense,line_19,,,
Gas / Gasoline / Petrol / Petroleum / Oil / Diesel,"Gasoline, fuel and oil",Expense,line_19,,,
Gas / Gasoline / Petrol / Fuel / Oil / Diesel,"Gasoline, fuel and oil",Expense,line_19,,,
Gas / Gasoline / Petroleum / Fuel / Oil / Diesel,"Gasoline, fuel and oil",Expense,line_19,,,
Gas / Petrol / Petroleum / Fuel / Oil / Diesel,"Gasoline, fuel and oil",Expense,line_19,,,
Gasoline,"Gasoline, fuel and oil",Expense,line_19,,,
Gasoline / Petrol,"Gasoline, fuel and oil",Expense,line_19,,,
Gasoline / Petroleum,"Gasoline, fuel and oil",Expense,line_19,,,
Gasoline / Fuel,"Gasoline, fuel and oil",Expense,line_19,,,
Gasoline / Oil,"Gasoline, fuel and oil",Expense,line_19,,,
Gasoline / Diesel,"Gasoline, fuel and oil",Expense,line_19,,,
Gasoline / Petrol / Petroleum,"Gasoline, fuel and oil",Expense,line_19,,,
Gasoline / Petrol / Fuel,"Gasoline, fuel and oil",Expense,line_19,,,
Gasoline / Petrol / Oil,"Gasoline, fuel and oil",Expense,line_19,,,
Gasoline / Petrol / Diesel,"Gasoline, fuel and oil",Expense,line_19,,,
Gasoline / Petroleum / Fuel,"Gasoline, fuel and oil",Expense,line_19,,,
Gasoline / Petroleum / Oil,"Gasoline, fuel and oil",Expense,line_19,,,
Gasoline / Petroleum / Diesel,"Gasoline, fuel and oil",Expense,line_19,,,
Gasoline / Fuel / Oil,"Gasoline, fuel and oil",Expense,line_19,,,
Gasoline / Fuel / Diesel,"Gasoline, fuel and oil",Expense,line_19,,,
Gasoline / Oil / Diesel,"Gasoline, fuel and oil",Expense,line_19,,,
Gasoline / Petrol / Petroleum / Fuel,"Gasoline, fuel and oil",Expense,line_19,,,
Gasoline / Petrol / Petroleum / Oil,"Gasoline, fuel and oil",Expense,line_19,,,
Gasoline / Petrol / Petroleum / Diesel,"Gasoline, fuel and oil",Expense,line_19,,,
Gasoline / Petrol / Fuel / Oil,"Gasoline, fuel and oil",Expense,line_19,,,
Gasoline / Petrol / Fuel / Diesel,"Gasoline, fuel and oil",Expense,line_19,,,
Gasoline / Petrol / Oil / Diesel,"Gasoline, fuel and oil",Expense,line_19,,,
Gasoline / Petroleum / Fuel / Oil,"Gasoline, fuel and oil",Expense,line_19,,,
Gasoline / Petroleum / Fuel / Diesel,"Gasoline, fuel and oil",Expense,line_19,,,
Gasoline / Petroleum / Oil / Diesel,"Gasoline, fuel and oil",Expense,line_19,,,
Gasoline / Fuel / Oil / Diesel,"Gasoline, fuel and oil",Expense,line_19,,,
Gasoline / Petrol / Petroleum / Fuel / Oil,"Gasoline, fuel and oil",Expense,line_19,,,
Gasoline / Petrol / Petroleum / Fuel / Diesel,"Gasoline, fuel and oil",Expense,line_19,,,
Gasoline / Petrol / Petroleum / Oil / Diesel,"Gasoline, fuel and oil",Expense,line_19,,,
Gasoline / Petrol / Fuel / Oil / Diesel,"Gasoline, fuel and oil",Expense,line_19,,,
Gasoline / Petroleum / Fuel / Oil / Diesel,"Gasoline, fuel and oil",Expense,line_19,,,
Gasoline / Petrol / Petroleum / Fuel / Oil / Diesel,"Gasoline, fuel and oil",Expense,line_19,,,
Petrol,"Gasoline, fuel and oil",Expense,line_19,,,
Petrol / Petroleum,"Gasoline, fuel and oil",Expense,line_19,,,
Petrol / Fuel,"Gasoline, fuel and oil",Expense,line_19,,,
Petrol / Oil,"Gasoline, fuel and oil",Expense,line_19,,,
Petrol / Diesel,"Gasoline, fuel and oil",Expense,line_19,,,
Petrol / Petroleum / Fuel,"Gasoline, fuel and oil",Expense,line_19,,,
Petrol / Petroleum / Oil,"Gasoline, fuel and oil",Expense,line_19,,,
Petrol / Petroleum / Diesel,"Gasoline, fuel and oil",Expense,line_19,,,
Petrol / Fuel / Oil,"Gasoline, fuel and oil",Expense,line_19,,,
Petrol / Fuel / Diesel,"Gasoline, fuel and oil",Expense,line_19,,,
Petrol / Oil / Diesel,"Gasoline, fuel and oil",Expense,line_19,,,
Petrol / Petroleum / Fuel / Oil,"Gasoline, fuel and oil",Expense,line_19,,,
Petrol / Petroleum / Fuel / Diesel,"Gasoline, fuel and oil",Expense,line_19,,,
Petrol / Petroleum / Oil / Diesel,"Gasoline, fuel and oil",Expense,line_19,,,
Petrol / Fuel / Oil / Diesel,"Gasoline, fuel and oil",Expense,line_19,,,
Petrol / Petroleum / Fuel / Oil / Diesel,"Gasoline, fuel and oil",Expense,line_19,,,
Petroleum,"Gasoline, fuel and oil",Expense,line_19,,,
Petroleum / Fuel,"Gasoline, fuel and oil",Expense,line_19,,,
Petroleum / Oil,"Gasoline, fuel and oil",Expense,line_19,,,
Petroleum / Diesel,"Gasoline, fuel and oil",Expense,line_19,,,
Petroleum / Fuel / Oil,"Gasoline, fuel and oil",Expense,line_19,,,
Petroleum / Fuel / Diesel,"Gasoline, fuel and oil",Expense,line_19,,,
Petroleum / Oil / Diesel,"Gasoline, fuel and oil",Expense,line_19,,,
Petroleum / Fuel / Oil / Diesel,"Gasoline, fuel and oil",Expense,line_19,,,
Fuel,"Gasoline, fuel and oil",Expense,line_19,,,
Fuel / Oil,"Gasoline, fuel and oil",Expense,line_19,,,
Fuel / Diesel,"Gasoline, fuel and oil",Expense,line_19,,,
Fuel / Oil / Diesel,"Gasoline, fuel and oil",Expense,line_19,,,
Oil / Diesel,"Gasoline, fuel and oil",Expense,line_19,,,
Diesel,"Gasoline, fuel and oil",Expense,line_19,,,
"Gas, fuel and oil","Gasoline, fuel and oil",Expense,line_19,,,
"Gasoline, fuel and oil","Gasoline, fuel and oil",Expense,line_19,,,
Insurance / Lease Insurance / Renter's Insurance / Farming Equipment Insurance / Animal Insurance / Livestock Insurance,Insurance (other than health),Expense,line_20,,,
Insurance / Lease Insurance,Insurance (other than health),Expense,line_20,,,
Insurance / Renter's Insurance,Insurance (other than health),Expense,line_20,,,
Insurance / Animal Insurance,Insurance (other than health),Expense,line_20,,,
Insurance / Livestock Insurance,Insurance (other than health),Expense,line_20,,,
Insurance / Lease Insurance / Renter's Insurance,Insurance (other than health),Expense,line_20,,,
Insurance / Lease Insurance / Farming Equipment Insurance,Insurance (other than health),Expense,line_20,,,
Insurance / Lease Insurance / Animal Insurance,Insurance (other than health),Expense,line_20,,,
Insurance / Lease Insurance / Livestock Insurance,Insurance (other than health),Expense,line_20,,,
Insurance / Renter's Insurance / Farming Equipment Insurance,Insurance (other than health),Expense,line_20,,,
Insurance / Renter's Insurance / Animal Insurance,Insurance (other than health),Expense,line_20,,,
Insurance / Renter's Insurance / Livestock Insurance,Insurance (other than health),Expense,line_20,,,
Insurance / Farming Equipment Insurance / Animal Insurance,Insurance (other than health),Expense,line_20,,,
Insurance / Farming Equipment Insurance / Livestock Insurance,Insurance (other than health),Expense,line_20,,,
Insurance / Animal Insurance / Livestock Insurance,Insurance (other than health),Expense,line_20,,,
Insurance / Lease Insurance / Renter's Insurance / Farming Equipment Insurance,Insurance (other than health),Expense,line_20,,,
Insurance / Lease Insurance / Renter's Insurance / Animal Insurance,Insurance (other than health),Expense,line_20,,,
Insurance / Lease Insurance / Renter's Insurance / Livestock Insurance,Insurance (other than health),Expense,line_20,,,
Insurance / Lease Insurance / Farming Equipment Insurance / Animal Insurance,Insurance (other than health),Expense,line_20,,,
Insurance / Lease Insurance / Farming Equipment Insurance / Livestock Insurance,Insurance (other than health),Expense,line_20,,,
Insurance / Lease Insurance / Animal Insurance / Livestock Insurance,Insurance (other than health),Expense,line_20,,,
Insurance / Renter's Insurance / Farming Equipment Insurance / Animal Insurance,Insurance (other than health),Expense,line_20,,,
Insurance / Renter's Insurance / Farming Equipment Insurance / Livestock Insurance,Insurance (other than health),Expense,line_20,,,
Insurance / Renter's Insurance / Animal Insurance / Livestock Insurance,Insurance (other than health),Expense,line_20,,,
Insurance / Farming Equipment Insurance / Animal Insurance / Livestock Insurance,Insurance (other than health),Expense,line_20,,,
Insurance / Lease Insurance / Renter's Insurance / Farming Equipment Insurance / Animal Insurance,Insurance (other than health),Expense,line_20,,,
Insurance / Lease Insurance / Renter's Insurance / Farming Equipment Insurance / Livestock Insurance,Insurance (other than health),Expense,line_20,,,
Insurance / Lease Insurance / Renter's Insurance / Animal Insurance / Livestock Insurance,Insurance (other than health),Expense,line_20,,,
Insurance / Lease Insurance / Farming Equipment Insurance / Animal Insurance / Livestock Insurance,Insurance (other than health),Expense,line_20,,,
Insurance / Renter's Insurance / Farming Equipment Insurance / Animal Insurance / Livestock Insurance,Insurance (other than health),Expense,line_20,,,
Lease Insurance,Insurance (other than health),Expense,line_20,,,
Lease Insurance / Renter's Insurance,Insurance (other than health),Expense,line_20,,,
Lease Insurance / Farming Equipment Insurance,Insurance (other than health),Expense,line_20,,,
Lease Insurance / Animal Insurance,Insurance (other than health),Expense,line_20,,,
Lease Insurance / Livestock Insurance,Insurance (other than health),Expense,line_20,,,
Lease Insurance / Renter's Insurance / Farming Equipment Insurance,Insurance (other than health),Expense,line_20,,,
Lease Insurance / Renter's Insurance / Animal Insurance,Insurance (other than health),Expense,line_20,,,
Lease Insurance / Renter's Insurance / Livestock Insurance,Insurance (other than health),Expense,line_20,,,
Lease Insurance / Farming Equipment Insurance / Animal Insurance,Insurance (other than health),Expense,line_20,,,
Lease Insurance / Farming Equipment Insurance / Livestock Insurance,Insurance (other than health),Expense,line_20,,,
Lease Insurance / Animal Insurance / Livestock Insurance,Insurance (other than health),Expense,line_20,,,
Lease Insurance / Renter's Insurance / Farming Equipment Insurance / Animal Insurance,Insurance (other than health),Expense,line_20,,,
Lease Insurance / Renter's Insurance / Farming Equipment Insurance / Livestock Insurance,Insurance (other than health),Expense,line_20,,,
Lease Insurance / Renter's Insurance / Animal Insurance / Livestock Insurance,Insurance (other than health),Expense,line_20,,,
Lease Insurance / Farming Equipment Insurance / Animal Insurance / Livestock Insurance,Insurance (other than health),Expense,line_20,,,
Lease Insurance / Renter's Insurance / Farming Equipment Insurance / Animal Insurance / Livestock Insurance,Insurance (other than health),Expense,line_20,,,
Renter's Insurance,Insurance (other than health),Expense,line_20,,,
Renter's Insurance / Farming Equipment Insurance,Insurance (other than health),Expense,line_20,,,
Renter's Insurance / Animal Insurance,Insurance (other than health),Expense,line_20,,,
Renter's Insurance / Livestock Insurance,Insurance (other than health),Expense,line_20,,,
Renter's Insurance / Farming Equipment Insurance / Animal Insurance,Insurance (other than health),Expense,line_20,,,
Renter's Insurance / Farming Equipment Insurance / Livestock Insurance,Insurance (other than health),Expense,line_20,,,
Renter's Insurance / Animal Insurance / Livestock Insurance,Insurance (other than health),Expense,line_20,,,
Renter's Insurance / Farming Equipment Insurance / Animal Insurance / Livestock Insurance,Insurance (other than health),Expense,line_20,,,
Farming Equipment Insurance / Animal Insurance,Insurance (other than health),Expense,line_20,,,
Farming Equipment Insurance / Livestock Insurance,Insurance (other than health),Expense,line_20,,,
Farming Equipment Insurance / Animal Insurance / Livestock Insurance,Insurance (other than health),Expense,line_20,,,
Animal Insurance,Insurance (other than health),Expense,line_20,,,
Animal Insurance / Livestock Insurance,Insurance (other than health),Expense,line_20,,,
Livestock Insurance,Insurance (other than health),Expense,line_20,,,
Insurance / Property Insurance,Insurance (other than health),Expense,line_20,,,
Property Insurance,Insurance (other than health),Expense,line_20,,,
Insurance Property & Auto,Insurance (other than health),Expense,line_20,,,
Insurance (other than health),Insurance (other than health),Expense,line_20,,,
Interest on loans and mortgages,Interest on loans and mortgages,Expense,line_21_a,,,
Interest on Loans,Interest on loans and mortgages,Expense,line_21_a,,,
Mortgages,Interest on loans and mortgages,Expense,line_21_a,,,
Tractor/Equipment Purchases,Unknown,Unknown,Unknown,Interest on loans and mortgages,L-T asset replacement and section 179 expense,
Tractor,Unknown,Unknown,Unknown,Interest on loans and mortgages,L-T asset replacement and section 179 expense,
Equipment Purchases,Unknown,Unknown,Unknown,Interest on loans and mortgages,L-T asset replacement and section 179 expense,
Tractors/Equipment Vehicles,Unknown,Unknown,Unknown,Rent and leases: Land and animals,Repairs and maintenance,
Tractor/Equipment Repairs,Unknown,Unknown,Unknown,Rent and leases: Land and animals,Repairs and maintenance,
L-T asset replacement and section 179 expense,L-T asset replacement and section 179 expense,Expense,line_14,,,
L-T Asset Replacement,L-T asset replacement and section 179 expense,Expense,line_14,,,
Section 179 Expenses,L-T asset replacement and section 179 expense,Expense,line_14,,,
Depreciation / Loss of Capital / Capital Lost to Time / Wear and Tear,L-T asset replacement and section 179 expense,Expense,line_14,,,
Depreciation,L-T asset replacement and section 179 expense,Expense,line_14,,,
Depreciation / Loss of Capital,L-T asset replacement and section 179 expense,Expense,line_14,,,
Depreciation / Capital Lost to Time,L-T asset replacement and section 179 expense,Expense,line_14,,,
Depreciation / Wear and Tear,L-T asset replacement and section 179 expense,Expense,line_14,,,
Depreciation / Loss of Capital / Capital Lost to Time,L-T asset replacement and section 179 expense,Expense,line_14,,,
Depreciation / Loss of Capital / Wear and Tear,L-T asset replacement and section 179 expense,Expense,line_14,,,
Depreciation / Capital Lost to Time / Wear and Tear,L-T asset replacement and section 179 expense,Expense,line_14,,,
Loss of Capital,L-T asset replacement and section 179 expense,Expense,line_14,,,
Loss of Capital / Capital Lost to Time,L-T asset replacement and section 179 expense,Expense,line_14,,,
Loss of Capital / Wear and Tear,L-T asset replacement and section 179 expense,Expense,line_14,,,
Loss of Capital / Capital Lost to Time / Wear and Tear,L-T asset replacement and section 179 expense,Expense,line_14,,,
Capital Lost to Time,L-T asset replacement and section 179 expense,Expense,line_14,,,
Capital Lost to Time / Wear and Tear,L-T asset replacement and section 179 expense,Expense,line_14,,,
Wear and Tear,L-T asset replacement and section 179 expense,Expense,line_14,,,
Section 179 Expense,L-T asset replacement and section 179 expense,Expense,line_14,,,
Depreciation & Section 179 Expense,L-T asset replacement and section 179 expense,Expense,line_14,,,
Pension / Profit-sharing / Labor / Employee / Salary Workers / Workers / Hired Labor,Pension and profit-sharing plans,Expense,line_23,,,
Pension,Pension and profit-sharing plans,Expense,line_23,,,
Pension / Profit-sharing,Pension and profit-sharing plans,Expense,line_23,,,
Pension / Labor,Pension and profit-sharing plans,Expense,line_23,,,
Pension / Employee,Pension and profit-sharing plans,Expense,line_23,,,
Pension / Salary Workers,Pension and profit-sharing plans,Expense,line_23,,,
Pension / Workers,Pension and profit-sharing plans,Expense,line_23,,,
Pension / Hired Labor,Pension and profit-sharing plans,Expense,line_23,,,
Pension / Profit-sharing / Labor,Pension and profit-sharing plans,Expense,line_23,,,
Pension / Profit-sharing / Employee,Pension and profit-sharing plans,Expense,line_23,,,
Pension / Profit-sharing / Salary Workers,Pension and profit-sharing plans,Expense,line_23,,,
Pension / Profit-sharing / Workers,Pension and profit-sharing plans,Expense,line_23,,,
Pension / Profit-sharing / Hired Labor,Pension and profit-sharing plans,Expense,line_23,,,
Pension / Labor / Employee,Pension and profit-sharing plans,Expense,line_23,,,
Pension / Labor / Salary Workers,Pension and profit-sharing plans,Expense,line_23,,,
Pension / Labor / Workers,Pension and profit-sharing plans,Expense,line_23,,,
Pension / Labor / Hired Labor,Pension and profit-sharing plans,Expense,line_23,,,
Pension / Employee / Salary Workers,Pension and profit-sharing plans,Expense,line_23,,,
Pension / Employee / Workers,Pension and profit-sharing plans,Expense,line_23,,,
Pension / Employee / Hired Labor,Pension and profit-sharing plans,Expense,line_23,,,
Pension / Salary Workers / Workers,Pension and profit-sharing plans,Expense,line_23,,,
Pension / Salary Workers / Hired Labor,Pension and profit-sharing plans,Expense,line_23,,,
Pension / Workers / Hired Labor,Pension and profit-sharing plans,Expense,line_23,,,
Pension / Profit-sharing / Labor / Employee,Pension and profit-sharing plans,Expense,line_23,,,
Pension / Profit-sharing / Labor / Salary Workers,Pension and profit-sharing plans,Expense,line_23,,,
Pension / Profit-sharing / Labor / Workers,Pension and profit-sharing plans,Expense,line_23,,,
Pension / Profit-sharing / Labor / Hired Labor,Pension and profit-sharing plans,Expense,line_23,,,
Pension / Profit-sharing / Employee / Salary Workers,Pension and profit-sharing plans,Expense,line_23,,,
Pension / Profit-sharing / Employee / Workers,Pension and profit-sharing plans,Expense,line_23,,,
Pension / Profit-sharing / Employee / Hired Labor,Pension and profit-sharing plans,Expense,line_23,,,
Pension / Profit-sharing / Salary Workers / Workers,Pension and profit-sharing plans,Expense,line_23,,,
Pension / Profit-sharing / Salary Workers / Hired Labor,Pension and profit-sharing plans,Expense,line_23,,,
Pension / Profit-sharing / Workers / Hired Labor,Pension and profit-sharing plans,Expense,line_23,,,
Pension / Labor / Employee / Salary Workers,Pension and profit-sharing plans,Expense,line_23,,,
Pension / Labor / Employee / Workers,Pension and profit-sharing plans,Expense,line_23,,,
Pension / Labor / Employee / Hired Labor,Pension and profit-sharing plans,Expense,line_23,,,
Pension / Labor / Salary Workers / Workers,Pension and profit-sharing plans,Expense,line_23,,,
Pension / Labor / Salary Workers / Hired Labor,Pension and profit-sharing plans,Expense,line_23,,,
Pension / Labor / Workers / Hired Labor,Pension and profit-sharing plans,Expense,line_23,,,
Pension / Employee / Salary Workers / Workers,Pension and profit-sharing plans,Expense,line_23,,,
Pension / Employee / Salary Workers / Hired Labor,Pension and profit-sharing plans,Expense,line_23,,,
Pension / Employee / Workers / Hired Labor,Pension and profit-sharing plans,Expense,line_23,,,
Pension / Salary Workers / Workers / Hired Labor,Pension and profit-sharing plans,Expense,line_23,,,
Pension / Profit-sharing / Labor / Employee / Salary Workers,Pension and profit-sharing plans,Expense,line_23,,,
Pension / Profit-sharing / Labor / Employee / Workers,Pension and profit-sharing plans,Expense,line_23,,,
Pension / Profit-sharing / Labor / Employee / Hired Labor,Pension and profit-sharing plans,Expense,line_23,,,
Pension / Profit-sharing / Labor / Salary Workers / Workers,Pension and profit-sharing plans,Expense,line_23,,,
Pension / Profit-sharing / Labor / Salary Workers / Hired Labor,Pension and profit-sharing plans,Expense,line_23,,,
Pension / Profit-sharing / Labor / Workers / Hired Labor,Pension and profit-sharing plans,Expense,line_23,,,
Pension / Profit-sharing / Employee / Salary Workers / Workers,Pension and profit-sharing plans,Expense,line_23,,,
Pension / Profit-sharing / Employee / Salary Workers / Hired Labor,Pension and profit-sharing plans,Expense,line_23,,,
Pension / Profit-sharing / Employee / Workers / Hired Labor,Pension and profit-sharing plans,Expense,line_23,,,
Pension / Labor / Employee / Salary Workers / Workers,Pension and profit-sharing plans,Expense,line_23,,,
Pension / Labor / Employee / Salary Workers / Hired Labor,Pension and profit-sharing plans,Expense,line_23,,,
Pension / Labor / Employee / Workers / Hired Labor,Pension and profit-sharing plans,Expense,line_23,,,
Pension / Profit-sharing / Labor / Employee / Salary Workers / Workers,Pension and profit-sharing plans,Expense,line_23,,,
Pension / Profit-sharing / Labor / Employee / Salary Workers / Hired Labor,Pension and profit-sharing plans,Expense,line_23,,,
Pension / Profit-sharing / Labor / Employee / Workers / Hired Labor,Pension and profit-sharing plans,Expense,line_23,,,
Pension / Profit-sharing / Labor / Salary Workers / Workers / Hired Labor,Pension and profit-sharing plans,Expense,line_23,,,
Pension / Profit-sharing / Employee / Salary Workers / Workers / Hired Labor,Pension and profit-sharing plans,Expense,line_23,,,
Pension / Labor / Employee / Salary Workers / Workers / Hired Labor,Pension and profit-sharing plans,Expense,line_23,,,
Profit-sharing,Pension and profit-sharing plans,Expense,line_23,,,
Profit-sharing / Labor,Pension and profit-sharing plans,Expense,line_23,,,
Profit-sharing / Employee,Pension and profit-sharing plans,Expense,line_23,,,
Profit-sharing / Salary Workers,Pension and profit-sharing plans,Expense,line_23,,,
Profit-sharing / Workers,Pension and profit-sharing plans,Expense,line_23,,,
Profit-sharing / Hired Labor,Pension and profit-sharing plans,Expense,line_23,,,
Profit-sharing / Labor / Employee,Pension and profit-sharing plans,Expense,line_23,,,
Profit-sharing / Labor / Salary Workers,Pension and profit-sharing plans,Expense,line_23,,,
Profit-sharing / Labor / Workers,Pension and profit-sharing plans,Expense,line_23,,,
Profit-sharing / Labor / Hired Labor,Pension and profit-sharing plans,Expense,line_23,,,
Profit-sharing / Employee / Salary Workers,Pension and profit-sharing plans,Expense,line_23,,,
Profit-sharing / Employee / Hired Labor,Pension and profit-sharing plans,Expense,line_23,,,
Profit-sharing / Salary Workers / Workers,Pension and profit-sharing plans,Expense,line_23,,,
Profit-sharing / Salary Workers / Hired Labor,Pension and profit-sharing plans,Expense,line_23,,,
Profit-sharing / Workers / Hired Labor,Pension and profit-sharing plans,Expense,line_23,,,
Profit-sharing / Labor / Employee / Salary Workers,Pension and profit-sharing plans,Expense,line_23,,,
Profit-sharing / Labor / Employee / Workers,Pension and profit-sharing plans,Expense,line_23,,,
Profit-sharing / Labor / Employee / Hired Labor,Pension and profit-sharing plans,Expense,line_23,,,
Profit-sharing / Labor / Salary Workers / Workers,Pension and profit-sharing plans,Expense,line_23,,,
Profit-sharing / Labor / Salary Workers / Hired Labor,Pension and profit-sharing plans,Expense,line_23,,,
Profit-sharing / Labor / Workers / Hired Labor,Pension and profit-sharing plans,Expense,line_23,,,
Profit-sharing / Employee / Salary Workers / Workers,Pension and profit-sharing plans,Expense,line_23,,,
Profit-sharing / Employee / Salary Workers / Hired Labor,Pension and profit-sharing plans,Expense,line_23,,,
Profit-sharing / Employee / Workers / Hired Labor,Pension and profit-sharing plans,Expense,line_23,,,
Profit-sharing / Salary Workers / Workers / Hired Labor,Pension and profit-sharing plans,Expense,line_23,,,
Profit-sharing / Labor / Employee / Salary Workers / Workers,Pension and profit-sharing plans,Expense,line_23,,,
Profit-sharing / Labor / Employee / Salary Workers / Hired Labor,Pension and profit-sharing plans,Expense,line_23,,,
Profit-sharing / Labor / Employee / Workers / Hired Labor,Pension and profit-sharing plans,Expense,line_23,,,
Profit-sharing / Labor / Salary Workers / Workers / Hired Labor,Pension and profit-sharing plans,Expense,line_23,,,
Profit-sharing / Employee / Salary Workers / Workers / Hired Labor,Pension and profit-sharing plans,Expense,line_23,,,
Profit-sharing / Labor / Employee / Salary Workers / Workers / Hired Labor,Pension and profit-sharing plans,Expense,line_23,,,
"Profit Sharing, Vacations, Bonus",Pension and profit-sharing plans,Expense,line_23,,,
Profit Sharing,Pension and profit-sharing plans,Expense,line_23,,,
"Profit Sharing, Vacations",Pension and profit-sharing plans,Expense,line_23,,,
"Profit Sharing, Bonus",Pension and profit-sharing plans,Expense,line_23,,,
Vacations,Pension and profit-sharing plans,Expense,line_23,,,
"Vacations, Bonus",Pension and profit-sharing plans,Expense,line_23,,,
Bonus,Pension and profit-sharing plans,Expense,line_23,,,
Pension and profit-sharing plans,Pension and profit-sharing plans,Expense,line_23,,,
Fence Materials,Unknown,Unknown,Unknown,Repairs and maintenance,Supplies,
Fence,Unknown,Unknown,Unknown,Repairs and maintenance,Supplies,
Materials,Unknown,Unknown,Unknown,Repairs and maintenance,Supplies,
Buildings,Repairs and maintenance,Expense,line_25,,,
Maintenance,Repairs and maintenance,Expense,line_25,,,
Repairs and maintenance,Repairs and maintenance,Expense,line_25,,,
Labor,Unknown,Unknown,Unknown,Pension and profit-sharing plans,Labor Hired (less employment credits),Employee benefit programs
Labor / Employee,Unknown,Unknown,Unknown,Pension and profit-sharing plans,Labor Hired (less employment credits),Employee benefit programs
Labor / Salary Workers,Unknown,Unknown,Unknown,Pension and profit-sharing plans,Labor Hired (less employment credits),
Labor / Workers,Unknown,Unknown,Unknown,Pension and profit-sharing plans,Labor Hired (less employment credits),
Labor / Hired Labor,Unknown,Unknown,Unknown,Pension and profit-sharing plans,Labor Hired (less employment credits),
Labor / Employee / Salary Workers,Unknown,Unknown,Unknown,Pension and profit-sharing plans,Labor Hired (less employment credits),
Labor / Employee / Workers,Unknown,Unknown,Unknown,Pension and profit-sharing plans,Labor Hired (less employment credits),
Labor / Employee / Hired Labor,Unknown,Unknown,Unknown,Pension and profit-sharing plans,Labor Hired (less employment credits),
Labor / Salary Workers / Workers,Unknown,Unknown,Unknown,Pension and profit-sharing plans,Labor Hired (less employment credits),
Labor / Salary Workers / Hired Labor,Unknown,Unknown,Unknown,Pension and profit-sharing plans,Labor Hired (less employment credits),
Labor / Workers / Hired Labor,Unknown,Unknown,Unknown,Pension and profit-sharing plans,Labor Hired (less employment credits),
Labor / Employee / Salary Workers / Workers,Unknown,Unknown,Unknown,Pension and profit-sharing plans,Labor Hired (less employment credits),
Labor / Employee / Salary Workers / Hired Labor,Unknown,Unknown,Unknown,Pension and profit-sharing plans,Labor Hired (less employment credits),
Labor / Employee / Workers / Hired Labor,Unknown,Unknown,Unknown,Pension and profit-sharing plans,Labor Hired (less employment credits),
Labor / Salary Workers / Workers / Hired Labor,Unknown,Unknown,Unknown,Pension and profit-sharing plans,Labor Hired (less employment credits),
Labor / Employee / Salary Workers / Workers / Hired Labor,Unknown,Unknown,Unknown,Pension and profit-sharing plans,Labor Hired (less employment credits),
Employee,Unknown,Unknown,Unknown,Pension and profit-sharing plans,Labor Hired (less employment credits),Employee benefit programs
Employee / Salary Workers,Unknown,Unknown,Unknown,Pension and profit-sharing plans,Labor Hired (less employment credits),
Employee / Workers,Unknown,Unknown,Unknown,Pension and profit-sharing plans,Labor Hired (less employment credits),
Employee / Hired Labor,Unknown,Unknown,Unknown,Pension and profit-sharing plans,Labor Hired (less employment credits),
Employee / Salary Workers / Workers,Unknown,Unknown,Unknown,Pension and profit-sharing plans,Labor Hired (less employment credits),
Employee / Salary Workers / Hired Labor,Unknown,Unknown,Unknown,Pension and profit-sharing plans,Labor Hired (less employment credits),
Employee / Workers / Hired Labor,Unknown,Unknown,Unknown,Pension and profit-sharing plans,Labor Hired (less employment credits),
Employee / Salary Workers / Workers / Hired Labor,Unknown,Unknown,Unknown,Pension and profit-sharing plans,Labor Hired (less employment credits),
Salary Workers,Unknown,Unknown,Unknown,Pension and profit-sharing plans,Labor Hired (less employment credits),
Salary Workers / Workers,Unknown,Unknown,Unknown,Pension and profit-sharing plans,Labor Hired (less employment credits),
Salary Workers / Hired Labor,Unknown,Unknown,Unknown,Pension and profit-sharing plans,Labor Hired (less employment credits),
Salary Workers / Workers / Hired Labor,Unknown,Unknown,Unknown,Pension and profit-sharing plans,Labor Hired (less employment credits),
Workers,Unknown,Unknown,Unknown,Pension and profit-sharing plans,Labor Hired (less employment credits),
Workers / Hired Labor,Unknown,Unknown,Unknown,Pension and profit-sharing plans,Labor Hired (less employment credits),
Hired Labor,Unknown,Unknown,Unknown,Pension and profit-sharing plans,Labor Hired (less employment credits),Employee benefit programs
Rental / Rent / Rent Payment / Lease /  Lease Payment,Rent and leases: Land and animals,Expense,line_24_b,,,
Rental,Rent and leases: Land and animals,Expense,line_24_b,,,
Rental / Rent,Rent and leases: Land and animals,Expense,line_24_b,,,
Rental / Rent Payment,Rent and leases: Land and animals,Expense,line_24_b,,,
Rental / Lease,Rent and leases: Land and animals,Expense,line_24_b,,,
Rental / Lease Payment,Rent and leases: Land and animals,Expense,line_24_b,,,
Rental / Rent / Rent Payment,Rent and leases: Land and animals,Expense,line_24_b,,,
Rental / Rent / Lease,Rent and leases: Land and animals,Expense,line_24_b,,,
Rental / Rent / Lease Payment,Rent and leases: Land and animals,Expense,line_24_b,,,
Rental / Rent Payment / Lease,Rent and leases: Land and animals,Expense,line_24_b,,,
Rental / Rent Payment / Lease Payment,Rent and leases: Land and animals,Expense,line_24_b,,,
Rental / Lease /  Lease Payment,Rent and leases: Land and animals,Expense,line_24_b,,,
Rental / Rent / Rent Payment / Lease,Rent and leases: Land and animals,Expense,line_24_b,,,
Rental / Rent / Rent Payment /  Lease Payment,Rent and leases: Land and animals,Expense,line_24_b,,,
Rental / Rent / Lease /  Lease Payment,Rent and leases: Land and animals,Expense,line_24_b,,,
Rental / Rent Payment / Lease /  Lease Payment,Rent and leases: Land and animals,Expense,line_24_b,,,
Rent,Rent and leases: Land and animals,Expense,line_24_b,,,
Rent / Rent Payment,Rent and leases: Land and animals,Expense,line_24_b,,,
Rent / Lease,Rent and leases: Land and animals,Expense,line_24_b,,,
Rent / Lease Payment,Rent and leases: Land and animals,Expense,line_24_b,,,
Rent / Rent Payment / Lease,Rent and leases: Land and animals,Expense,line_24_b,,,
Rent / Rent Payment /  Lease Payment,Rent and leases: Land and animals,Expense,line_24_b,,,
Rent / Lease /  Lease Payment,Rent and leases: Land and animals,Expense,line_24_b,,,
Rent / Rent Payment / Lease /  Lease Payment,Rent and leases: Land and animals,Expense,line_24_b,,,
Rent Payment,Rent and leases: Land and animals,Expense,line_24_b,,,
Rent Payment / Lease,Rent and leases: Land and animals,Expense,line_24_b,,,
Rent Payment /  Lease Payment,Rent and leases: Land and animals,Expense,line_24_b,,,
Rent Payment / Lease /  Lease Payment,Rent and leases: Land and animals,Expense,line_24_b,,,
Lease,Rent and leases: Land and animals,Expense,line_24_b,,,
Lease /  Lease Payment,Rent and leases: Land and animals,Expense,line_24_b,,,
Lease Payment,Rent and leases: Land and animals,Expense,line_24_b,,,
Land / Animals Rent / Lease,Rent and leases: Land and animals,Expense,line_24_b,,,
Land,Rent and leases: Land and animals,Expense,line_24_b,,,
Land / Animals Rent,Rent and leases: Land and animals,Expense,line_24_b,,,
Land / Lease,Rent and leases: Land and animals,Expense,line_24_b,,,
Animals Rent,Rent and leases: Land and animals,Expense,line_24_b,,,
Animals Rent / Lease,Rent and leases: Land and animals,Expense,line_24_b,,,
Land and animals,Rent and leases: Land and animals,Expense,line_24_b,,,
Rent and leases: Land and animals,Rent and leases: Land and animals,Expense,line_24_b,,,
Wheat Seeds / Seeds,Seeds and plants,Expense,line_26,,,
Wheat Seeds,Seeds and plants,Expense,line_26,,,
Seeds,Seeds and plants,Expense,line_26,,,
Plants,Seeds and plants,Expense,line_26,,,
Seeds and plants,Seeds and plants,Expense,line_26,,,
Wheat Seeds / Plants,Seeds and plants,Expense,line_26,,,
Seeds & Plants,Seeds and plants,Expense,line_26,,,
Farm House Loan / Farm Loan,Storage and warehousing,Expense,line_27,,,
Farm House Loan,Storage and warehousing,Expense,line_27,,,
Farm Loan,Storage and warehousing,Expense,line_27,,,
Loan for Farm,Unknown,Unknown,Unknown,Storage and warehousing,Interest on loans and mortgages,
Storage and warehousing,Storage and warehousing,Expense,line_27,,,
Storage,Storage and warehousing,Expense,line_27,,,
Warehousing,Storage and warehousing,Expense,line_27,,,
Tools,Supplies,Expense,line_28,,,
Supplies,Supplies,Expense,line_28,,,
Property taxes / Landowner Taxes / Taxes,Property taxes,Expense,line_29,,,
Property taxes,Property taxes,Expense,line_29,,,
Property taxes / Landowner Taxes,Property taxes,Expense,line_29,,,
Property taxes / Taxes,Property taxes,Expense,line_29,,,
Landowner Taxes / Taxes,Property taxes,Expense,line_29,,,
Landowner Taxes,Property taxes,Expense,line_29,,,
Taxes,Property taxes,Expense,line_29,,,
Vet & Medicine,"Veterinary, breeding, and medicine",Expense,line_31,,,
Vet,"Veterinary, breeding, and medicine",Expense,line_31,,,
Medicine,"Veterinary, breeding, and medicine",Expense,line_31,,,
Veterinary,"Veterinary, breeding, and medicine",Expense,line_31,,,
Breeding,"Veterinary, breeding, and medicine",Expense,line_31,,,
Veterinary Breeding,"Veterinary, breeding, and medicine",Expense,line_31,,,
"Veterinary, breeding, and medicine","Veterinary, breeding, and medicine",Expense,line_31,,,
Electricity / Power,Utilities,Expense,line_30,,,
Electricity,Utilities,Expense,line_30,,,
Power,Utilities,Expense,line_30,,,
Water / Plubming,Utilities,Expense,line_30,,,
Water,Utilities,Expense,line_30,,,
Plubming,Utilities,Expense,line_30,,,
Phone / Cell Phone / Telephone / Cell-Phone / Land-Line / Landline,Utilities,Expense,line_30,,,
Phone,Utilities,Expense,line_30,,,
Phone / Cell Phone,Utilities,Expense,line_30,,,
Phone / Telephone,Utilities,Expense,line_30,,,
Phone / Cell-Phone,Utilities,Expense,line_30,,,
Phone / Land-Line,Utilities,Expense,line_30,,,
Phone / Landline,Utilities,Expense,line_30,,,
Phone / Cell Phone / Telephone,Utilities,Expense,line_30,,,
Phone / Cell Phone / Cell-Phone,Utilities,Expense,line_30,,,
Phone / Cell Phone / Land-Line,Utilities,Expense,line_30,,,
Phone / Cell Phone / Landline,Utilities,Expense,line_30,,,
Phone / Telephone / Cell-Phone,Utilities,Expense,line_30,,,
Phone / Telephone / Land-Line,Utilities,Expense,line_30,,,
Phone / Telephone / Landline,Utilities,Expense,line_30,,,
Phone / Cell-Phone / Land-Line,Utilities,Expense,line_30,,,
Phone / Cell-Phone / Landline,Utilities,Expense,line_30,,,
Phone / Land-Line / Landline,Utilities,Expense,line_30,,,
Phone / Cell Phone / Telephone / Cell-Phone,Utilities,Expense,line_30,,,
Phone / Cell Phone / Telephone / Land-Line,Utilities,Expense,line_30,,,
Phone / Cell Phone / Telephone / Landline,Utilities,Expense,line_30,,,
Phone / Cell Phone / Cell-Phone / Land-Line,Utilities,Expense,line_30,,,
Phone / Cell Phone / Cell-Phone / Landline,Utilities,Expense,line_30,,,
Phone / Cell Phone / Land-Line / Landline,Utilities,Expense,line_30,,,
Phone / Telephone / Cell-Phone / Land-Line,Utilities,Expense,line_30,,,
Phone / Telephone / Cell-Phone / Landline,Utilities,Expense,line_30,,,
Phone / Telephone / Land-Line / Landline,Utilities,Expense,line_30,,,
Phone / Cell-Phone / Land-Line / Landline,Utilities,Expense,line_30,,,
Phone / Cell Phone / Telephone / Cell-Phone / Land-Line,Utilities,Expense,line_30,,,
Phone / Cell Phone / Telephone / Cell-Phone / Landline,Utilities,Expense,line_30,,,
Phone / Cell Phone / Telephone / Land-Line / Landline,Utilities,Expense,line_30,,,
Phone / Cell Phone / Cell-Phone / Land-Line / Landline,Utilities,Expense,line_30,,,
Phone / Telephone / Cell-Phone / Land-Line / Landline,Utilities,Expense,line_30,,,
Cell Phone,Utilities,Expense,line_30,,,
Cell Phone / Telephone,Utilities,Expense,line_30,,,
Cell Phone / Cell-Phone,Utilities,Expense,line_30,,,
Cell Phone / Land-Line,Utilities,Expense,line_30,,,
Cell Phone / Landline,Utilities,Expense,line_30,,,
Cell Phone / Telephone / Cell-Phone,Utilities,Expense,line_30,,,
Cell Phone / Telephone / Land-Line,Utilities,Expense,line_30,,,
Cell Phone / Telephone / Landline,Utilities,Expense,line_30,,,
Cell Phone / Cell-Phone / Land-Line,Utilities,Expense,line_30,,,
Cell Phone / Cell-Phone / Landline,Utilities,Expense,line_30,,,
Cell Phone / Telephone / Cell-Phone / Land-Line,Utilities,Expense,line_30,,,
Cell Phone / Telephone / Cell-Phone / Landline,Utilities,Expense,line_30,,,
Cell Phone / Telephone / Land-Line / Landline,Utilities,Expense,line_30,,,
Cell Phone / Cell-Phone / Land-Line / Landline,Utilities,Expense,line_30,,,
Cell Phone / Telephone / Cell-Phone / Land-Line / Landline,Utilities,Expense,line_30,,,
Telephone,Utilities,Expense,line_30,,,
Telephone / Cell-Phone,Utilities,Expense,line_30,,,
Telephone / Land-Line,Utilities,Expense,line_30,,,
Telephone / Landline,Utilities,Expense,line_30,,,
Telephone / Cell-Phone / Land-Line,Utilities,Expense,line_30,,,
Telephone / Cell-Phone / Landline,Utilities,Expense,line_30,,,
Telephone / Land-Line / Landline,Utilities,Expense,line_30,,,
Telephone / Cell-Phone / Land-Line / Landline,Utilities,Expense,line_30,,,
Cell-Phone,Utilities,Expense,line_30,,,
Cell-Phone / Land-Line,Utilities,Expense,line_30,,,
Cell-Phone / Landline,Utilities,Expense,line_30,,,
Cell-Phone / Land-Line / Landline,Utilities,Expense,line_30,,,
Natural Gas / Gas / Heating / Kerosene / Lamp Oil,Utilities,Expense,line_30,,,
Natural Gas,Utilities,Expense,line_30,,,
Natural Gas / Gas,Utilities,Expense,line_30,,,
Natural Gas / Heating,Utilities,Expense,line_30,,,
Natural Gas / Kerosene,Utilities,Expense,line_30,,,
Natural Gas / Lamp Oil,Utilities,Expense,line_30,,,
Natural Gas / Gas / Heating,Utilities,Expense,line_30,,,
Natural Gas / Gas / Kerosene,Utilities,Expense,line_30,,,
Natural Gas / Gas / Lamp Oil,Utilities,Expense,line_30,,,
Natural Gas / Heating / Kerosene,Utilities,Expense,line_30,,,
Natural Gas / Heating / Lamp Oil,Utilities,Expense,line_30,,,
Natural Gas / Kerosene / Lamp Oil,Utilities,Expense,line_30,,,
Natural Gas / Gas / Heating / Kerosene,Utilities,Expense,line_30,,,
Natural Gas / Gas / Heating / Lamp Oil,Utilities,Expense,line_30,,,
Natural Gas / Gas / Kerosene / Lamp Oil,Utilities,Expense,line_30,,,
Natural Gas / Heating / Kerosene / Lamp Oil,Utilities,Expense,line_30,,,
Gas / Heating,Utilities,Expense,line_30,,,
Gas / Kerosene,Utilities,Expense,line_30,,,
Gas / Lamp Oil,Utilities,Expense,line_30,,,
Gas / Heating / Kerosene,Utilities,Expense,line_30,,,
Gas / Heating / Lamp Oil,Utilities,Expense,line_30,,,
Gas / Kerosene / Lamp Oil,Utilities,Expense,line_30,,,
Gas / Heating / Kerosene / Lamp Oil,Utilities,Expense,line_30,,,
Heating,Utilities,Expense,line_30,,,
Heating / Kerosene,Utilities,Expense,line_30,,,
Heating / Lamp Oil,Utilities,Expense,line_30,,,
Heating / Kerosene / Lamp Oil,Utilities,Expense,line_30,,,
Kerosene,Utilities,Expense,line_30,,,
Kerosene / Lamp Oil,Utilities,Expense,line_30,,,
Lamp Oil,Utilities,Expense,line_30,,,
Wastewater / Sewage,Utilities,Expense,line_30,,,
Wastewater,Utilities,Expense,line_30,,,
Sewage,Utilities,Expense,line_30,,,
Utilities,Utilities,Expense,line_30,,,
Heifer Purchases,Cost of goods sold,Expense,line_1_b,,,
Cost of Goods,Cost of goods sold,Expense,line_1_b,,,
Goods,Cost of goods sold,Expense,line_1_b,,,
Goods Sold,Cost of goods sold,Expense,line_1_b,,,
Cost of goods sold,Cost of goods sold,Expense,line_1_b,,,
Accountant,Unknown,Unknown,Unknown,Other expenses,,
Miscellaneous,Unknown,Unknown,Unknown,Other expenses,,
Attorney / Sewer / Educational Workshops / Well,Unknown,Unknown,Unknown,Other expenses,,
Attorney,Unknown,Unknown,Unknown,Other expenses,,
Attorney / Sewer,Unknown,Unknown,Unknown,Other expenses,,
Attorney / Educational Workshops,Unknown,Unknown,Unknown,Other expenses,,
Attorney / Well,Unknown,Unknown,Unknown,Other expenses,,
Attorney / Sewer / Educational Workshops,Unknown,Unknown,Unknown,Other expenses,,
Attorney / Sewer / Well,Unknown,Unknown,Unknown,Other expenses,,
Attorney / Educational Workshops / Well,Unknown,Unknown,Unknown,Other expenses,,
Sewer,Unknown,Unknown,Unknown,Other expenses,,
Sewer / Educational Workshops,Unknown,Unknown,Unknown,Other expenses,,
Sewer / Well,Unknown,Unknown,Unknown,Other expenses,,
Sewer / Educational Workshops / Well,Unknown,Unknown,Unknown,Other expenses,,
Educational Workshops,Unknown,Unknown,Unknown,Other expenses,,
Educational Workshops / Well,Unknown,Unknown,Unknown,Other expenses,,
Well,Unknown,Unknown,Unknown,Other expenses,,
Other expenses,Unknown,Unknown,Unknown,Other expenses,,
Other expenses: Advertising,Other expenses: Advertising,Expense,line_32_a,,,
Advertising,Other expenses: Advertising,Expense,line_32_a,,,
"Other expenses: Payroll, state, federal taxes & payroll insurance","Other expenses: Payroll, state, federal taxes & payroll insurance",Expense,line_32_b,,,
Payroll,"Other expenses: Payroll, state, federal taxes & payroll insurance",Expense,line_32_b,,,
state,"Other expenses: Payroll, state, federal taxes & payroll insurance",Expense,line_32_b,,,
federal taxes,"Other expenses: Payroll, state, federal taxes & payroll insurance",Expense,line_32_b,,,
payroll insurance,"Other expenses: Payroll, state, federal taxes & payroll insurance",Expense,line_32_b,,,
Payroll Taxes & Insurance,"Other expenses: Payroll, state, federal taxes & payroll insurance",Expense,line_32_b,,,
State & Federal Taxes,"Other expenses: Payroll, state, federal taxes & payroll insurance",Expense,line_32_b,,,
"Other expenses: Refunds, interest, donations, misc.","Other expenses: Refunds, interest, donations, misc.",Expense,line_32_c,,,
"Refunds, Interest, Donations, Misc","Other expenses: Refunds, interest, donations, misc.",Expense,line_32_c,,,
Refunds,"Other expenses: Refunds, interest, donations, misc.",Expense,line_32_c,,,
interest,"Other expenses: Refunds, interest, donations, misc.",Expense,line_32_c,,,
donations,"Other expenses: Refunds, interest, donations, misc.",Expense,line_32_c,,,
misc.,"Other expenses: Refunds, interest, donations, misc.",Expense,line_32_c,,,
Other expenses: Postage,Other expenses: Postage,Expense,line_32_d,,,
Postage,Other expenses: Postage,Expense,line_32_d,,,
"Other expenses: Licenses, permits, fees, dues, etc.","Other expenses: Licenses, permits, fees, dues, etc.",Expense,line_32_e,,,
Licenses,"Other expenses: Licenses, permits, fees, dues, etc.",Expense,line_32_e,,,
permits,"Other expenses: Licenses, permits, fees, dues, etc.",Expense,line_32_e,,,
fees,"Other expenses: Licenses, permits, fees, dues, etc.",Expense,line_32_e,,,
dues,"Other expenses: Licenses, permits, fees, dues, etc.",Expense,line_32_e,,,
"Licenses, Permits, Fees, Dues","Other expenses: Licenses, permits, fees, dues, etc.",Expense,line_32_e,,,
"Other expenses: Tradeshow, assoc meeting, seminars, etc.","Other expenses: Tradeshow, assoc meeting, seminars, etc.",Expense,line_32_f,,,
Tradeshow,"Other expenses: Tradeshow, assoc meeting, seminars, etc.",Expense,line_32_f,,,
assoc meeting,"Other expenses: Tradeshow, assoc meeting, seminars, etc.",Expense,line_32_f,,,
seminars,"Other expenses: Tradeshow, assoc meeting, seminars, etc.",Expense,line_32_f,,,
"Trade Show, Assoc Meeting, Seminars","Other expenses: Tradeshow, assoc meeting, seminars, etc.",Expense,line_32_f,,,
Ag program payments,Agricultural program payments,Income,line_4_a,,,
Agricultural program payments,Agricultural program payments,Income,line_4_a,,,
Commodity Credit Corporation,Commodity Credit Corporation,Income,line_5_a,,,
"Rent and leases: Machinery, equipment and vehicles","Rent and leases: Machinery, equipment and vehicles",Expense,line_24_a,,,
Machinery,"Rent and leases: Machinery, equipment and vehicles",Expense,line_24_a,,,
equipment and vehicles,"Rent and leases: Machinery, equipment and vehicles",Expense,line_24_a,,,
Specified,Specified custom hire (machine work),Income,line_7,,,
Specified custom,Specified custom hire (machine work),Income,line_7,,,
Specified custom hire,Specified custom hire (machine work),Income,line_7,,,
Specified custom hire (machine work),Specified custom hire (machine work),Income,line_7,,,
Specified custom hire (machine work) income,Specified custom hire (machine work),Income,line_7,,,
Other Income,Other Income,Income,line_8,,,
Labor hired (less employment credits),Labor hired (less employment credits),Expense,line_22,,,
Expenses as of,Unknown,Unknown,Unknown,,,
"Prof Services Incl. Fumigation, Hosting",Unknown,Unknown,Unknown,,,
Rent($2100  to others Bal to LeCompte),Unknown,Unknown,Unknown,,,
Shipping,Unknown,Unknown,Unknown,,,
Employee Wages,Unknown,Unknown,Unknown,,,
Owners Salary,Unknown,Unknown,Unknown,,,
Fertilizer & Chemicals,Unknown,Unknown,Unknown,,,
"Bank Fees, Finance Charges, Interest",Unknown,Unknown,Unknown,,,
Actual Total Average Cost/Tree,Unknown,Unknown,Unknown,,,
General Tree Sales,"Sales of livestock, produce, grains and other products",Income,line_1_a,,,
True Fir,"Sales of livestock, produce, grains and other products",Income,line_1_a,,,
Noble Fir,"Sales of livestock, produce, grains and other products",Income,line_1_a,,,
Douglas Fir,"Sales of livestock, produce, grains and other products",Income,line_1_a,,,
Pine,"Sales of livestock, produce, grains and other products",Income,line_1_a,,,
Spruce,"Sales of livestock, produce, grains and other products",Income,line_1_a,,,
Cedar,"Sales of livestock, produce, grains and other products",Income,line_1_a,,,
Hemlock,"Sales of livestock, produce, grains and other products",Income,line_1_a,,,
Sequoia & Larch,"Sales of livestock, produce, grains and other products",Income,line_1_a,,,
Mahonia,"Sales of livestock, produce, grains and other products",Income,line_1_a,,,
"Ash, Alder & Oak","Sales of livestock, produce, grains and other products",Income,line_1_a,,,
Misc Nursery stock,"Sales of livestock, produce, grains and other products",Income,line_1_a,,,
Misc Deciduous,"Sales of livestock, produce, grains and other products",Income,line_1_a,,,
Transplants 2-1 & 3-1,"Sales of livestock, produce, grains and other products",Income,line_1_a,,,
"Transplants 1-1, P-1, P-2, P/F","Sales of livestock, produce, grains and other products",Income,line_1_a,,,
Anderson Band Pots,"Sales of livestock, produce, grains and other products",Income,line_1_a,,,
"#1, #2, #3 Gallons","Sales of livestock, produce, grains and other products",Income,line_1_a,,,
Misc Native Shrubs,"Sales of livestock, produce, grains and other products",Income,line_1_a,,,
Conifer Plugs,"Sales of livestock, produce, grains and other products",Income,line_1_a,,,
Contracted Transplants & Sowing,"Sales of livestock, produce, grains and other products",Income,line_1_a,,,
Seed Sales,"Sales of livestock, produce, grains and other products",Income,line_1_a,,,
Rented to others: Fields & Coolers,"Sales of livestock, produce, grains and other products",Income,line_1_a,,,
"Christmas Trees, Wreaths & Greens","Sales of livestock, produce, grains and other products",Income,line_1_a,,,
Trees Purchased for Resale,"Sales of livestock, produce, grains and other products",Income,line_1_a,,,
"Misc Hardgoods: Zeba, Nets, Bamboo","Sales of livestock, produce, grains and other products",Income,line_1_a,,,
Finance Charges Posted,"Sales of livestock, produce, grains and other products",Income,line_1_a,,,
Discounts Given,"Sales of livestock, produce, grains and other products",Income,line_1_a,,,
Total Revenues,"Sales of livestock, produce, grains and other products",Income,line_1_a,,,
Elec Cooler/Shop,Unknown,Unknown,Unknown,,,
Elec Irrigation,Unknown,Unknown,Unknown,,,
Toilets,Unknown,Unknown,Unknown,,,
Garbage,Unknown,Unknown,Unknown,,,
Office Services,Unknown,Unknown,Unknown,,,
Custom Services,Unknown,Unknown,Unknown,,,
Field Labor Contractor,Unknown,Unknown,Unknown,,,
Consulting/Research Fees,Unknown,Unknown,Unknown,,,
Accounting,Unknown,Unknown,Unknown,,,
Legal,Unknown,Unknown,Unknown,,,
Collections,Unknown,Unknown,Unknown,,,
Fumigation,Unknown,Unknown,Unknown,,,
Equipment Rental,Unknown,Unknown,Unknown,,,
"Cooler, Shop Rent",Unknown,Unknown,Unknown,,,
Field Rent,Unknown,Unknown,Unknown,,,
"Advertising, Misc",Unknown,Unknown,Unknown,,,
"Ads:  Magazine, Newspaper, Online",Unknown,Unknown,Unknown,,,
AD Booth Space,Unknown,Unknown,Unknown,,,
Price List,Unknown,Unknown,Unknown,,,
Employer FICA,Unknown,Unknown,Unknown,,,
Unemployment Insurance Tax,Unknown,Unknown,Unknown,,,
"WBF & SAIF, Employer Share",Unknown,Unknown,Unknown,,,
State Tax,Unknown,Unknown,Unknown,,,
"Insurance:Property,Auto",Unknown,Unknown,Unknown,,,
Keogh & HSA Contributions,Unknown,Unknown,Unknown,,,
Insurance:Employee Life Health,Unknown,Unknown,Unknown,,,
Refunds - Shipped Sales,Unknown,Unknown,Unknown,,,
Uncollectable Accts,Unknown,Unknown,Unknown,,,
Shipping & Delivery Expenses,Unknown,Unknown,Unknown,,,
Misc,Unknown,Unknown,Unknown,,,
Vacation Pay,Unknown,Unknown,Unknown,,,
Personal Time Off,Unknown,Unknown,Unknown,,,
Office,Unknown,Unknown,Unknown,,,
"Employee Supplies, Gifts,Food",Unknown,Unknown,Unknown,,,
Shop Equipment & Small Tools,Unknown,Unknown,Unknown,,,
Bags & Boxes Shipping Supplies,Unknown,Unknown,Unknown,,,
"Tools,Shovels, Rakes",Unknown,Unknown,Unknown,,,
Misc Equipment,Unknown,Unknown,Unknown,,,
Planting Supplies,Unknown,Unknown,Unknown,,,
Pumice,Unknown,Unknown,Unknown,,,
Plug Trays & Pellets,Unknown,Unknown,Unknown,,,
Netting & Bamboo,Unknown,Unknown,Unknown,,,
"Pots,Trays,Cells",Unknown,Unknown,Unknown,,,
Potting Mix,Unknown,Unknown,Unknown,,,
Misc Greenhouse Expenses,Unknown,Unknown,Unknown,,,
Christmas Trees & Wreaths,Unknown,Unknown,Unknown,,,
Irrigation Supplies,Unknown,Unknown,Unknown,,,
"Fuel,Gas",Unknown,Unknown,Unknown,,,
"Fuel,Diesel",Unknown,Unknown,Unknown,,,
"Fuel,Propane",Unknown,Unknown,Unknown,,,
Office Supplies,Unknown,Unknown,Unknown,,,
Computer & Phone System,Unknown,Unknown,Unknown,,,
Seedlings to Resell or Transplant,Unknown,Unknown,Unknown,,,
"Plants: Stock plants, Landscape",Unknown,Unknown,Unknown,,,
Landscape Supplies,Unknown,Unknown,Unknown,,,
Summer Fertilizer,Unknown,Unknown,Unknown,,,
Soil & Tissue Tests,Unknown,Unknown,Unknown,,,
"Licenses,Permits, Fee",Unknown,Unknown,Unknown,,,
"Dues, Memberships",Unknown,Unknown,Unknown,,,
Trade Shows/Deliveries: Food & Travel,Unknown,Unknown,Unknown,,,
Assoc Dinner Meetings,Unknown,Unknown,Unknown,,,
Seminars/Tours/R&D/Education,Unknown,Unknown,Unknown,,,
Customer Entertainment,Unknown,Unknown,Unknown,,,
Depreciation Expense,Unknown,Unknown,Unknown,,,
Equipment Maint & Repair,Unknown,Unknown,Unknown,,,
Building Maint & Repair,Unknown,Unknown,Unknown,,,
Maint/ Repair Supplies,Unknown,Unknown,Unknown,,,
Rental House Maint & Repair,Unknown,Unknown,Unknown,,,
Bank Charges:CR Card Merch Fee,Unknown,Unknown,Unknown,,,
Bank Charges/ Checking Acc,Unknown,Unknown,Unknown,,,
"Finance Charges, Penalty, Loan Fee",Unknown,Unknown,Unknown,,,
Discounts Taken,Unknown,Unknown,Unknown,,,
"Christmas Wreath,Greens Expense",Unknown,Unknown,Unknown,,,